Date,DayOfWeek,Month,Season,Year,Event,ProductID,ProductCategory,Price,DiscountRate,InventoryLevel,ProductRating,ReviewCount,SalesVolume,Revenue,MarketingSpend,CompetitorPrice,InflationRate,ConsumerConfidenceIndex,Temperature,Rainfall,CustomerAge,CustomerGender,CustomerLocation,CustomerIncome,CustomerSegment
2023-01-02,Monday,January,Winter,2023,BAU,P5001,Electronics,5000,5,300,4.2,150,20,95000,20000,5100,5.0,90,10,0,30,Male,Urban,High,Occasional Buyer
2023-01-03,Tuesday,January,Winter,2023,BAU,P5002,Fashion,800,10,500,4.0,100,35,25200,15000,820,5.0,90,10,0,25,Female,Urban,Medium,Frequent Buyer
2023-01-04,Wednesday,January,Winter,2023,BAU,P5003,Home Decor,1500,8,400,4.3,80,15,20700,12000,1520,5.0,90,10,0,35,Female,Suburban,High,Occasional Buyer
2023-01-05,Thursday,January,Winter,2023,BAU,P5004,Grocery,200,2,800,4.1,50,100,19600,8000,205,5.0,90,10,0,40,Male,Rural,Low,Frequent Buyer
2023-01-06,Friday,January,Winter,2023,BAU,P5005,Electronics,8000,5,150,4.5,200,10,76000,25000,8100,5.0,90,10,0,28,Female,Urban,High,First-time Buyer
2023-01-07,Saturday,January,Winter,2023,BAU,P5006,Beauty Products,600,7,500,4.2,120,50,27900,10000,610,5.0,90,10,0,27,Female,Urban,Medium,Frequent Buyer
2023-01-08,Sunday,January,Winter,2023,BAU,P5007,Footwear,1200,10,350,4.0,90,40,43200,15000,1220,5.0,90,10,0,32,Male,Suburban,Medium,Occasional Buyer
2023-01-09,Monday,January,Winter,2023,BAU,P5008,Toys,800,12,400,4.1,70,25,17600,9000,820,5.0,90,10,0,26,Male,Urban,Medium,First-time Buyer
2023-01-10,Tuesday,January,Winter,2023,BAU,P5009,Jewelry,4000,15,200,4.4,110,5,17000,20000,4100,5.0,90,10,0,34,Female,Urban,High,Frequent Buyer
2023-01-11,Wednesday,January,Winter,2023,BAU,P5010,Sports Equipment,2500,10,300,4.0,60,8,18000,15000,2520,5.0,90,10,0,29,Male,Suburban,Medium,Occasional Buyer
2023-01-12,Thursday,January,Winter,2023,BAU,P5011,Electronics,5200,5,280,4.2,140,18,88920,22000,5300,5.0,90,10,0,31,Male,Urban,High,Frequent Buyer
2023-01-13,Friday,January,Winter,2023,BAU,P5012,Fashion,850,10,480,4.0,90,30,22950,14000,870,5.0,90,10,0,24,Female,Urban,Medium,Occasional Buyer
2023-01-14,Saturday,January,Winter,2023,BAU,P5013,Home Decor,1600,8,380,4.3,70,12,17664,11000,1620,5.0,90,10,0,36,Female,Suburban,High,Frequent Buyer
2023-01-15,Sunday,January,Winter,2023,BAU,P5014,Grocery,210,2,780,4.1,40,90,18522,7000,215,5.0,90,10,0,41,Male,Rural,Low,Frequent Buyer
2023-01-16,Monday,January,Winter,2023,BAU,P5015,Electronics,8200,5,140,4.5,190,9,70070,24000,8300,5.0,90,10,0,29,Female,Urban,High,First-time Buyer
2023-01-17,Tuesday,January,Winter,2023,BAU,P5016,Beauty Products,620,7,480,4.2,100,45,25974,9500,630,5.0,90,10,0,28,Female,Urban,Medium,Frequent Buyer
2023-01-18,Wednesday,January,Winter,2023,BAU,P5017,Footwear,1100,10,340,4.0,80,35,34650,14000,1120,5.0,90,10,0,33,Male,Suburban,Medium,Occasional Buyer
2023-01-19,Thursday,January,Winter,2023,BAU,P5018,Toys,750,12,380,4.1,60,20,13200,8500,770,5.0,90,10,0,27,Male,Urban,Medium,First-time Buyer
2023-01-20,Friday,January,Winter,2023,BAU,P5019,Jewelry,4200,15,190,4.4,100,4,14280,19000,4300,5.0,90,10,0,35,Female,Urban,High,Frequent Buyer
2023-01-21,Saturday,January,Winter,2023,BAU,P5020,Sports Equipment,2600,10,280,4.0,50,6,14040,14000,2620,5.0,90,10,0,30,Male,Suburban,Medium,Occasional Buyer
2023-01-22,Sunday,January,Winter,2023,BAU,P5021,Electronics,5400,5,260,4.2,130,16,82080,21000,5500,5.0,90,10,0,32,Male,Urban,High,Frequent Buyer
2023-01-23,Monday,January,Winter,2023,BAU,P5022,Fashion,900,10,460,4.0,80,25,20250,13000,920,5.0,90,10,0,25,Female,Urban,Medium,Occasional Buyer
2023-01-24,Tuesday,January,Winter,2023,BAU,P5023,Home Decor,1700,8,360,4.3,60,10,15640,10000,1720,5.0,90,10,0,37,Female,Suburban,High,Frequent Buyer
2023-01-25,Wednesday,January,Winter,2023,BAU,P5024,Grocery,220,2,760,4.1,30,80,17248,6000,225,5.0,90,10,0,42,Male,Rural,Low,Frequent Buyer
2023-01-26,Thursday,January,Winter,2023,BAU,P5025,Electronics,8400,5,130,4.5,180,8,71400,23000,8500,5.0,90,10,0,30,Female,Urban,High,First-time Buyer
2023-01-27,Friday,January,Winter,2023,BAU,P5026,Beauty Products,640,7,460,4.2,90,40,23712,9000,650,5.0,90,10,0,29,Female,Urban,Medium,Frequent Buyer
2023-01-28,Saturday,January,Winter,2023,BAU,P5027,Footwear,1150,10,320,4.0,70,30,33350,13000,1170,5.0,90,10,0,34,Male,Suburban,Medium,Occasional Buyer
2023-01-29,Sunday,January,Winter,2023,BAU,P5028,Toys,800,12,360,4.1,50,18,12672,8000,820,5.0,90,10,0,28,Male,Urban,Medium,First-time Buyer
2023-01-30,Monday,January,Winter,2023,BAU,P5029,Jewelry,4400,15,180,4.4,90,3,11220,18000,4500,5.0,90,10,0,36,Female,Urban,High,Frequent Buyer
2023-01-31,Tuesday,January,Winter,2023,BAU,P5030,Sports Equipment,2700,10,260,4.0,40,5,12150,13000,2720,5.0,90,10,0,31,Male,Suburban,Medium,Occasional Buyer
2023-02-01,Wednesday,February,Winter,2023,BAU,P5031,Electronics,5600,5,240,4.2,120,14,79800,20000,5700,5.0,90,10,0,33,Male,Urban,High,Frequent Buyer
2023-02-02,Thursday,February,Winter,2023,BAU,P5032,Fashion,950,10,440,4.0,70,20,17100,12000,970,5.0,90,10,0,26,Female,Urban,Medium,Occasional Buyer
2023-02-03,Friday,February,Winter,2023,BAU,P5033,Home Decor,1800,8,340,4.3,50,8,13248,9000,1820,5.0,90,10,0,38,Female,Suburban,High,Frequent Buyer
2023-02-04,Saturday,February,Winter,2023,BAU,P5034,Grocery,230,2,740,4.1,20,70,15764,5000,235,5.0,90,10,0,43,Male,Rural,Low,Frequent Buyer
2023-02-05,Sunday,February,Winter,2023,BAU,P5035,Electronics,8600,5,120,4.5,170,7,73150,22000,8700,5.0,90,10,0,31,Female,Urban,High,First-time Buyer
2023-02-06,Monday,February,Winter,2023,BAU,P5036,Beauty Products,660,7,440,4.2,80,35,27148,8500,670,5.0,90,10,0,30,Female,Urban,Medium,Frequent Buyer
2023-02-07,Tuesday,February,Winter,2023,BAU,P5037,Footwear,1200,10,300,4.0,60,25,32400,12000,1220,5.0,90,10,0,35,Male,Suburban,Medium,Occasional Buyer
2023-02-08,Wednesday,February,Winter,2023,BAU,P5038,Toys,850,12,340,4.1,40,15,11220,7500,870,5.0,90,10,0,29,Male,Urban,Medium,First-time Buyer
2023-02-09,Thursday,February,Winter,2023,BAU,P5039,Jewelry,4600,15,170,4.4,80,2,11730,17000,4700,5.0,90,10,0,37,Female,Urban,High,Frequent Buyer
2023-02-10,Friday,February,Winter,2023,BAU,P5040,Sports Equipment,2800,10,240,4.0,30,4,10080,12000,2820,5.0,90,10,0,32,Male,Suburban,Medium,Occasional Buyer
2023-02-11,Saturday,February,Winter,2023,BAU,P5041,Electronics,5800,5,220,4.2,110,12,69660,19000,5900,5.0,90,10,0,34,Male,Urban,High,Frequent Buyer
2023-02-12,Sunday,February,Winter,2023,BAU,P5042,Fashion,1000,10,420,4.0,60,15,18000,11000,1020,5.0,90,10,0,27,Female,Urban,Medium,Occasional Buyer
2023-02-13,Monday,February,Winter,2023,BAU,P5043,Home Decor,1900,8,320,4.3,40,6,13936,8000,1920,5.0,90,10,0,39,Female,Suburban,High,Frequent Buyer
2023-02-14,Tuesday,February,Winter,2023,BAU,P5044,Grocery,240,2,720,4.1,10,60,16848,4000,245,5.0,90,10,0,44,Male,Rural,Low,Frequent Buyer
2023-02-15,Wednesday,February,Winter,2023,BAU,P5045,Electronics,8800,5,110,4.5,160,6,74800,21000,8900,5.0,90,10,0,32,Female,Urban,High,First-time Buyer
2023-02-16,Thursday,February,Winter,2023,BAU,P5046,Beauty Products,680,7,420,4.2,70,30,26684,8000,690,5.0,90,10,0,31,Female,Urban,Medium,Frequent Buyer
2023-02-17,Friday,February,Winter,2023,BAU,P5047,Footwear,1250,10,280,4.0,50,20,30000,11000,1270,5.0,90,10,0,36,Male,Suburban,Medium,Occasional Buyer
2023-02-18,Saturday,February,Winter,2023,BAU,P5048,Toys,900,12,320,4.1,30,12,9504,7000,920,5.0,90,10,0,30,Male,Urban,Medium,First-time Buyer
2023-02-19,Sunday,February,Winter,2023,BAU,P5049,Jewelry,4800,15,160,4.4,70,2,9792,16000,4900,5.0,90,10,0,38,Female,Urban,High,Frequent Buyer
2023-02-20,Monday,February,Winter,2023,BAU,P5050,Sports Equipment,2900,10,220,4.0,20,3,7830,11000,2920,5.0,90,10,0,33,Male,Suburban,Medium,Occasional Buyer
2023-02-21,Tuesday,February,Winter,2023,BAU,P5051,Electronics,6000,5,210,4.2,100,15,85500,18000,6100,5.0,90,10,0,34,Male,Urban,High,Frequent Buyer
2023-02-22,Wednesday,February,Winter,2023,BAU,P5052,Fashion,1050,10,410,4.0,50,12,18900,10000,1070,5.0,90,10,0,27,Female,Urban,Medium,Occasional Buyer
2023-02-23,Thursday,February,Winter,2023,BAU,P5053,Home Decor,2000,8,310,4.3,30,5,14720,7000,2020,5.0,90,10,0,40,Female,Suburban,High,Frequent Buyer
2023-02-24,Friday,February,Winter,2023,BAU,P5054,Grocery,250,2,700,4.1,15,50,12250,3000,255,5.0,90,10,0,45,Male,Rural,Low,Frequent Buyer
2023-02-25,Saturday,February,Winter,2023,BAU,P5055,Electronics,9000,5,100,4.5,150,5,42750,20000,9100,5.0,90,10,0,33,Female,Urban,High,First-time Buyer
2023-02-26,Sunday,February,Winter,2023,BAU,P5056,Beauty Products,700,7,400,4.2,60,25,16310,7000,710,5.0,90,10,0,32,Female,Urban,Medium,Frequent Buyer
2023-02-27,Monday,February,Winter,2023,BAU,P5057,Footwear,1300,10,260,4.0,40,18,21060,10000,1320,5.0,90,10,0,36,Male,Suburban,Medium,Occasional Buyer
2023-02-28,Tuesday,February,Winter,2023,BAU,P5058,Toys,950,12,300,4.1,25,10,10032,6000,970,5.0,90,10,0,31,Male,Urban,Medium,First-time Buyer
2023-03-01,Wednesday,March,Spring,2023,BAU,P5059,Jewelry,5000,15,150,4.4,60,2,8500,15000,5100,5.0,90,15,0,39,Female,Urban,High,Frequent Buyer
2023-03-02,Thursday,March,Spring,2023,BAU,P5060,Sports Equipment,3000,10,200,4.0,20,3,8100,10000,3020,5.0,90,15,0,34,Male,Suburban,Medium,Occasional Buyer
2023-03-03,Friday,March,Spring,2023,BAU,P5061,Electronics,6000,5,200,4.2,90,13,74100,17000,6100,5.0,90,15,0,35,Male,Urban,High,Frequent Buyer
2023-03-04,Saturday,March,Spring,2023,BAU,P5062,Fashion,1100,10,400,4.0,40,10,19800,9000,1120,5.0,90,15,0,28,Female,Urban,Medium,Occasional Buyer
2023-03-05,Sunday,March,Spring,2023,BAU,P5063,Home Decor,2000,8,300,4.3,20,4,14720,6000,2020,5.0,90,15,0,41,Female,Suburban,High,Frequent Buyer
2023-03-06,Monday,March,Spring,2023,BAU,P5064,Grocery,250,2,690,4.1,10,45,11025,2900,255,5.0,90,15,0,46,Male,Rural,Low,Frequent Buyer
2023-03-07,Tuesday,March,Spring,2023,BAU,P5065,Electronics,9200,5,90,4.5,140,4,41400,19000,9300,5.0,90,15,0,34,Female,Urban,High,First-time Buyer
2023-03-08,Wednesday,March,Spring,2023,BAU,P5066,Beauty Products,720,7,390,4.2,50,20,16171,6900,730,5.0,90,15,0,33,Female,Urban,Medium,Frequent Buyer
2023-03-09,Thursday,March,Spring,2023,BAU,P5067,Footwear,1350,10,250,4.0,30,15,20250,9000,1370,5.0,90,15,0,37,Male,Suburban,Medium,Occasional Buyer
2023-03-10,Friday,March,Spring,2023,BAU,P5068,Toys,1000,12,290,4.1,20,8,10560,5900,1020,5.0,90,15,0,32,Male,Urban,Medium,First-time Buyer
2023-03-11,Saturday,March,Spring,2023,BAU,P5069,Jewelry,5200,15,140,4.4,50,1,8840,14000,5300,5.0,90,15,0,40,Female,Urban,High,Frequent Buyer
2023-03-12,Sunday,March,Spring,2023,BAU,P5070,Sports Equipment,3100,10,190,4.0,15,2,8370,9000,3120,5.0,90,15,0,35,Male,Suburban,Medium,Occasional Buyer
2023-03-13,Monday,March,Spring,2023,BAU,P5071,Electronics,6200,5,190,4.2,80,12,74100,16000,6300,5.0,90,15,0,36,Male,Urban,High,Frequent Buyer
2023-03-14,Tuesday,March,Spring,2023,BAU,P5072,Fashion,1150,10,390,4.0,30,8,20700,8000,1170,5.0,90,15,0,29,Female,Urban,Medium,Occasional Buyer
2023-03-15,Wednesday,March,Spring,2023,BAU,P5073,Home Decor,2100,8,290,4.3,15,3,15372,5000,2120,5.0,90,15,0,42,Female,Suburban,High,Frequent Buyer
2023-03-16,Thursday,March,Spring,2023,BAU,P5074,Grocery,260,2,680,4.1,5,40,10488,2800,265,5.0,90,15,0,47,Male,Rural,Low,Frequent Buyer
2023-03-17,Friday,March,Spring,2023,BAU,P5075,Electronics,9400,5,80,4.5,130,3,39900,18000,9500,5.0,90,15,0,35,Female,Urban,High,First-time Buyer
2023-03-18,Saturday,March,Spring,2023,BAU,P5076,Beauty Products,740,7,380,4.2,40,18,15906,6800,750,5.0,90,15,0,34,Female,Urban,Medium,Frequent Buyer
2023-03-19,Sunday,March,Spring,2023,BAU,P5077,Footwear,1400,10,240,4.0,20,13,19600,8000,1420,5.0,90,15,0,38,Male,Suburban,Medium,Occasional Buyer
2023-03-20,Monday,March,Spring,2023,BAU,P5078,Toys,1050,12,280,4.1,10,6,11088,5800,1070,5.0,90,15,0,33,Male,Urban,Medium,First-time Buyer
2023-03-21,Tuesday,March,Spring,2023,BAU,P5079,Jewelry,5400,15,130,4.4,40,1,9180,13000,5500,5.0,90,15,0,41,Female,Urban,High,Frequent Buyer
2023-03-22,Wednesday,March,Spring,2023,BAU,P5080,Sports Equipment,3200,10,180,4.0,10,2,8640,8000,3220,5.0,90,15,0,36,Male,Suburban,Medium,Occasional Buyer
2023-03-23,Thursday,March,Spring,2023,BAU,P5081,Electronics,6400,5,180,4.2,70,11,74880,15000,6500,5.0,90,15,0,37,Male,Urban,High,Frequent Buyer
2023-03-24,Friday,March,Spring,2023,BAU,P5082,Fashion,1200,10,380,4.0,20,6,21600,7000,1220,5.0,90,15,0,30,Female,Urban,Medium,Occasional Buyer
2023-03-25,Saturday,March,Spring,2023,BAU,P5083,Home Decor,2200,8,280,4.3,10,2,16016,4000,2220,5.0,90,15,0,43,Female,Suburban,High,Frequent Buyer
2023-03-26,Sunday,March,Spring,2023,BAU,P5084,Grocery,270,2,670,4.1,5,35,10179,2700,275,5.0,90,15,0,48,Male,Rural,Low,Frequent Buyer
2023-03-27,Monday,March,Spring,2023,BAU,P5085,Electronics,9600,5,70,4.5,120,2,40320,17000,9700,5.0,90,15,0,36,Female,Urban,High,First-time Buyer
2023-03-28,Tuesday,March,Spring,2023,BAU,P5086,Beauty Products,760,7,370,4.2,30,16,15666,6700,770,5.0,90,15,0,35,Female,Urban,Medium,Frequent Buyer
2023-03-29,Wednesday,March,Spring,2023,BAU,P5087,Footwear,1450,10,230,4.0,10,11,18850,7000,1470,5.0,90,15,0,39,Male,Suburban,Medium,Occasional Buyer
2023-03-30,Thursday,March,Spring,2023,BAU,P5088,Toys,1100,12,270,4.1,5,4,11520,5700,1120,5.0,90,15,0,34,Male,Urban,Medium,First-time Buyer
2023-03-31,Friday,March,Spring,2023,BAU,P5089,Jewelry,5600,15,120,4.4,30,1,9520,12000,5700,5.0,90,15,0,42,Female,Urban,High,Frequent Buyer
2023-04-01,Saturday,April,Spring,2023,BAU,P5090,Sports Equipment,3300,10,170,4.0,5,2,8580,7000,3320,5.0,90,20,0,37,Male,Suburban,Medium,Occasional Buyer
2023-04-02,Sunday,April,Spring,2023,BAU,P5091,Electronics,6600,5,170,4.2,60,10,74820,14000,6700,5.0,90,20,0,38,Male,Urban,High,Frequent Buyer
2023-04-03,Monday,April,Spring,2023,BAU,P5092,Fashion,1250,10,370,4.0,10,5,22500,6000,1270,5.0,90,20,0,31,Female,Urban,Medium,Occasional Buyer
2023-04-04,Tuesday,April,Spring,2023,BAU,P5093,Home Decor,2300,8,270,4.3,5,1,16100,3000,2320,5.0,90,20,0,44,Female,Suburban,High,Frequent Buyer
2023-04-05,Wednesday,April,Spring,2023,BAU,P5094,Grocery,280,2,660,4.1,5,30,9240,2600,285,5.0,90,20,0,49,Male,Rural,Low,Frequent Buyer
2023-04-06,Thursday,April,Spring,2023,BAU,P5095,Electronics,9800,5,60,4.5,110,2,44100,16000,9900,5.0,90,20,0,37,Female,Urban,High,First-time Buyer
2023-04-07,Friday,April,Spring,2023,BAU,P5096,Beauty Products,780,7,360,4.2,20,14,15444,6600,790,5.0,90,20,0,36,Female,Urban,Medium,Frequent Buyer
2023-04-08,Saturday,April,Spring,2023,BAU,P5097,Footwear,1500,10,220,4.0,5,9,18000,6000,1520,5.0,90,20,0,40,Male,Suburban,Medium,Occasional Buyer
2023-04-09,Sunday,April,Spring,2023,BAU,P5098,Toys,1150,12,260,4.1,5,3,11960,5600,1170,5.0,90,20,0,35,Male,Urban,Medium,First-time Buyer
2023-04-10,Monday,April,Spring,2023,BAU,P5099,Jewelry,5800,15,110,4.4,20,1,9860,11000,5900,5.0,90,20,0,43,Female,Urban,High,Frequent Buyer
2023-04-11,Tuesday,April,Spring,2023,BAU,P5100,Sports Equipment,3400,10,160,4.0,5,2,8160,6000,3420,5.0,90,20,0,38,Male,Suburban,Medium,Occasional Buyer
2023-04-12,Wednesday,April,Spring,2023,BAU,P5101,Electronics,6800,5,160,4.2,50,9,77400,13000,6900,5.0,90,20,0,39,Male,Urban,High,Frequent Buyer
2023-04-13,Thursday,April,Spring,2023,BAU,P5102,Fashion,1300,10,360,4.0,5,4,23400,5000,1320,5.0,90,20,0,32,Female,Urban,Medium,Occasional Buyer
2023-04-14,Friday,April,Spring,2023,BAU,P5103,Home Decor,2400,8,260,4.3,5,1,16128,2000,2420,5.0,90,20,0,45,Female,Suburban,High,Frequent Buyer
2023-04-15,Saturday,April,Spring,2023,BAU,P5104,Grocery,290,2,650,4.1,5,25,9425,2500,295,5.0,90,20,0,50,Male,Rural,Low,Frequent Buyer
2023-04-16,Sunday,April,Spring,2023,BAU,P5105,Electronics,10000,5,50,4.5,100,2,47500,15000,10100,5.0,90,20,0,38,Female,Urban,High,First-time Buyer
2023-04-17,Monday,April,Spring,2023,BAU,P5106,Beauty Products,800,7,350,4.2,10,12,14880,6500,810,5.0,90,20,0,37,Female,Urban,Medium,Frequent Buyer
2023-04-18,Tuesday,April,Spring,2023,BAU,P5107,Footwear,1550,10,210,4.0,5,8,18600,5000,1570,5.0,90,20,0,41,Male,Suburban,Medium,Occasional Buyer
2023-04-19,Wednesday,April,Spring,2023,BAU,P5108,Toys,1200,12,250,4.1,5,2,10560,5500,1220,5.0,90,20,0,36,Male,Urban,Medium,First-time Buyer
2023-04-20,Thursday,April,Spring,2023,BAU,P5109,Jewelry,6000,15,100,4.4,10,1,10200,10000,6100,5.0,90,20,0,44,Female,Urban,High,Frequent Buyer
2023-04-21,Friday,April,Spring,2023,BAU,P5110,Sports Equipment,3500,10,150,4.0,5,1,9450,5000,3520,5.0,90,20,0,39,Male,Suburban,Medium,Occasional Buyer
2023-04-22,Saturday,April,Spring,2023,BAU,P5111,Electronics,7000,5,150,4.2,40,8,79800,12000,7100,5.0,90,20,0,40,Male,Urban,High,Frequent Buyer
2023-04-23,Sunday,April,Spring,2023,BAU,P5112,Fashion,1350,10,350,4.0,5,3,24300,5000,1370,5.0,90,20,0,33,Female,Urban,Medium,Occasional Buyer
2023-04-24,Monday,April,Spring,2023,BAU,P5113,Home Decor,2500,8,250,4.3,5,1,16000,2000,2520,5.0,90,20,0,46,Female,Suburban,High,Frequent Buyer
2023-04-25,Tuesday,April,Spring,2023,BAU,P5114,Grocery,300,2,640,4.1,5,20,9408,2400,305,5.0,90,20,0,51,Male,Rural,Low,Frequent Buyer
2023-04-26,Wednesday,April,Spring,2023,BAU,P5115,Electronics,10200,5,40,4.5,90,1,38760,14000,10300,5.0,90,20,0,39,Female,Urban,High,First-time Buyer
2023-04-27,Thursday,April,Spring,2023,BAU,P5116,Beauty Products,820,7,340,4.2,10,10,15238,6400,830,5.0,90,20,0,38,Female,Urban,Medium,Frequent Buyer
2023-04-28,Friday,April,Spring,2023,BAU,P5117,Footwear,1600,10,200,4.0,5,7,18000,5000,1620,5.0,90,20,0,42,Male,Suburban,Medium,Occasional Buyer
2023-04-29,Saturday,April,Spring,2023,BAU,P5118,Toys,1250,12,240,4.1,5,2,11000,5400,1270,5.0,90,20,0,37,Male,Urban,Medium,First-time Buyer
2023-04-30,Sunday,April,Spring,2023,BAU,P5119,Jewelry,6200,15,90,4.4,10,1,10545,9900,6300,5.0,90,20,0,45,Female,Urban,High,Frequent Buyer
2023-05-01,Monday,May,Spring,2023,BAU,P5120,Sports Equipment,3600,10,140,4.0,5,1,8640,4900,3620,5.0,90,20,0,40,Male,Suburban,Medium,Occasional Buyer
2023-05-02,Tuesday,May,Spring,2023,BAU,P5121,Electronics,7200,5,140,4.2,30,7,75600,11000,7300,5.0,90,25,0,41,Male,Urban,High,Frequent Buyer
2023-05-03,Wednesday,May,Spring,2023,BAU,P5122,Fashion,1400,10,340,4.0,5,3,25200,4900,1420,5.0,90,25,0,34,Female,Urban,Medium,Occasional Buyer
2023-05-04,Thursday,May,Spring,2023,BAU,P5123,Home Decor,2600,8,240,4.3,5,1,15808,1900,2620,5.0,90,25,0,47,Female,Suburban,High,Frequent Buyer
2023-05-05,Friday,May,Spring,2023,BAU,P5124,Grocery,310,2,630,4.1,5,15,8817,2300,315,5.0,90,25,0,52,Male,Rural,Low,Frequent Buyer
2023-05-06,Saturday,May,Spring,2023,BAU,P5125,Electronics,10400,5,30,4.5,80,1,39520,13000,10500,5.0,90,25,0,40,Female,Urban,High,First-time Buyer
2023-05-07,Sunday,May,Spring,2023,BAU,P5126,Beauty Products,840,7,330,4.2,10,8,15036,6300,850,5.0,90,25,0,39,Female,Urban,Medium,Frequent Buyer
2023-05-08,Monday,May,Spring,2023,BAU,P5127,Footwear,1650,10,190,4.0,5,6,17820,4900,1670,5.0,90,25,0,43,Male,Suburban,Medium,Occasional Buyer
2023-05-09,Tuesday,May,Spring,2023,BAU,P5128,Toys,1300,12,230,4.1,5,2,11440,5300,1320,5.0,90,25,0,38,Male,Urban,Medium,First-time Buyer
2023-05-10,Wednesday,May,Spring,2023,BAU,P5129,Jewelry,6400,15,80,4.4,10,1,10880,9800,6500,5.0,90,25,0,46,Female,Urban,High,Frequent Buyer
2023-05-11,Thursday,May,Spring,2023,BAU,P5130,Sports Equipment,3700,10,130,4.0,5,1,8880,4800,3720,5.0,90,25,0,41,Male,Suburban,Medium,Occasional Buyer
2023-05-12,Friday,May,Spring,2023,BAU,P5131,Electronics,7400,5,130,4.2,20,6,71310,10000,7500,5.0,90,25,0,42,Male,Urban,High,Frequent Buyer
2023-05-13,Saturday,May,Spring,2023,BAU,P5132,Fashion,1450,10,330,4.0,5,2,26100,4800,1470,5.0,90,25,0,35,Female,Urban,Medium,Occasional Buyer
2023-05-14,Sunday,May,Spring,2023,BAU,P5133,Home Decor,2700,8,230,4.3,5,1,15444,1800,2720,5.0,90,25,0,48,Female,Suburban,High,Frequent Buyer
2023-05-15,Monday,May,Spring,2023,BAU,P5134,Grocery,320,2,620,4.1,5,10,8064,2200,325,5.0,90,25,0,53,Male,Rural,Low,Frequent Buyer
2023-05-16,Tuesday,May,Spring,2023,BAU,P5135,Electronics,10600,5,20,4.5,70,1,40270,12000,10700,5.0,90,25,0,41,Female,Urban,High,First-time Buyer
2023-05-17,Wednesday,May,Spring,2023,BAU,P5136,Beauty Products,860,7,320,4.2,10,6,14866,6200,870,5.0,90,25,0,40,Female,Urban,Medium,Frequent Buyer
2023-05-18,Thursday,May,Spring,2023,BAU,P5137,Footwear,1700,10,180,4.0,5,5,17640,4800,1720,5.0,90,25,0,44,Male,Suburban,Medium,Occasional Buyer
2023-05-19,Friday,May,Spring,2023,BAU,P5138,Toys,1350,12,220,4.1,5,2,11880,5200,1370,5.0,90,25,0,39,Male,Urban,Medium,First-time Buyer
2023-05-20,Saturday,May,Spring,2023,BAU,P5139,Jewelry,6600,15,70,4.4,10,1,11220,9700,6700,5.0,90,25,0,47,Female,Urban,High,Frequent Buyer
2023-05-21,Sunday,May,Spring,2023,BAU,P5140,Sports Equipment,3800,10,120,4.0,5,1,9120,4700,3820,5.0,90,25,0,42,Male,Suburban,Medium,Occasional Buyer
2023-05-22,Monday,May,Spring,2023,BAU,P5141,Electronics,7600,5,120,4.2,10,5,67240,9000,7700,5.0,90,25,0,43,Male,Urban,High,Frequent Buyer
2023-05-23,Tuesday,May,Spring,2023,BAU,P5142,Fashion,1500,10,320,4.0,5,1,27000,4700,1520,5.0,90,25,0,36,Female,Urban,Medium,Occasional Buyer
2023-05-24,Wednesday,May,Spring,2023,BAU,P5143,Home Decor,2800,8,220,4.3,5,1,15120,1700,2820,5.0,90,25,0,49,Female,Suburban,High,Frequent Buyer
2023-05-25,Thursday,May,Spring,2023,BAU,P5144,Grocery,330,2,610,4.1,5,5,3960,2100,335,5.0,90,25,0,54,Male,Rural,Low,Frequent Buyer
2023-05-26,Friday,May,Spring,2023,BAU,P5145,Electronics,10800,5,10,4.5,60,1,51300,11000,10900,5.0,90,25,0,42,Female,Urban,High,First-time Buyer
2023-05-27,Saturday,May,Spring,2023,BAU,P5146,Beauty Products,880,7,310,4.2,10,4,14388,6100,890,5.0,90,25,0,41,Female,Urban,Medium,Frequent Buyer
2023-05-28,Sunday,May,Spring,2023,BAU,P5147,Footwear,1750,10,170,4.0,5,4,17500,4700,1770,5.0,90,25,0,45,Male,Suburban,Medium,Occasional Buyer
2023-05-29,Monday,May,Spring,2023,BAU,P5148,Toys,1400,12,210,4.1,5,1,12096,5100,1420,5.0,90,25,0,40,Male,Urban,Medium,First-time Buyer
2023-05-30,Tuesday,May,Spring,2023,BAU,P5149,Jewelry,6800,15,60,4.4,10,1,11560,9600,6900,5.0,90,25,0,48,Female,Urban,High,Frequent Buyer
2023-05-31,Wednesday,May,Spring,2023,BAU,P5150,Sports Equipment,3900,10,110,4.0,5,1,9360,4600,3920,5.0,90,25,0,43,Male,Suburban,Medium,Occasional Buyer 
2023-06-01,Thursday,June,Summer,2023,BAU,P5151,Electronics,7800,5,110,4.2,90,5,74100,8500,7900,5.0,90,30,0,44,Male,Urban,High,Frequent Buyer
2023-06-02,Friday,June,Summer,2023,BAU,P5152,Fashion,1550,10,310,4.0,50,1,27900,4600,1570,5.0,90,30,0,37,Female,Urban,Medium,Occasional Buyer
2023-06-03,Saturday,June,Summer,2023,BAU,P5153,Home Decor,2900,8,210,4.3,40,1,15936,1600,2920,5.0,90,30,0,50,Female,Suburban,High,Frequent Buyer
2023-06-04,Sunday,June,Summer,2023,BAU,P5154,Grocery,340,2,600,4.1,30,5,4080,2000,345,5.0,90,30,0,55,Male,Rural,Low,Frequent Buyer
2023-06-05,Monday,June,Summer,2023,BAU,P5155,Electronics,11000,5,100,4.5,80,1,52250,8000,11100,5.0,90,30,0,43,Female,Urban,High,First-time Buyer
2023-06-06,Tuesday,June,Summer,2023,BAU,P5156,Beauty Products,900,7,300,4.2,60,4,15012,6000,910,5.0,90,30,0,42,Female,Urban,Medium,Frequent Buyer
2023-06-07,Wednesday,June,Summer,2023,BAU,P5157,Footwear,1800,10,160,4.0,50,3,16200,4600,1820,5.0,90,30,0,46,Male,Suburban,Medium,Occasional Buyer
2023-06-08,Thursday,June,Summer,2023,BAU,P5158,Toys,1450,12,200,4.1,40,1,12760,5000,1470,5.0,90,30,0,41,Male,Urban,Medium,First-time Buyer
2023-06-09,Friday,June,Summer,2023,BAU,P5159,Jewelry,7000,15,50,4.4,70,1,11900,9500,7100,5.0,90,30,0,49,Female,Urban,High,Frequent Buyer
2023-06-10,Saturday,June,Summer,2023,BAU,P5160,Sports Equipment,4000,10,100,4.0,50,1,9000,4500,4020,5.0,90,30,0,44,Male,Suburban,Medium,Occasional Buyer
2023-06-11,Sunday,June,Summer,2023,BAU,P5161,Electronics,8000,5,100,4.2,90,4,76000,8400,8100,5.0,90,30,0,45,Male,Urban,High,Frequent Buyer
2023-06-12,Monday,June,Summer,2023,BAU,P5162,Fashion,1600,10,300,4.0,50,2,28800,4500,1620,5.0,90,30,0,38,Female,Urban,Medium,Occasional Buyer
2023-06-13,Tuesday,June,Summer,2023,BAU,P5163,Home Decor,3000,8,200,4.3,40,1,16560,1500,3020,5.0,90,30,0,51,Female,Suburban,High,Frequent Buyer
2023-06-14,Wednesday,June,Summer,2023,BAU,P5164,Grocery,350,2,590,4.1,30,5,4130,1900,355,5.0,90,30,0,56,Male,Rural,Low,Frequent Buyer
2023-06-15,Thursday,June,Summer,2023,BAU,P5165,Electronics,11200,5,90,4.5,80,1,53200,7900,11300,5.0,90,30,0,44,Female,Urban,High,First-time Buyer
2023-06-16,Friday,June,Summer,2023,BAU,P5166,Beauty Products,920,7,290,4.2,60,3,14720,5900,930,5.0,90,30,0,43,Female,Urban,Medium,Frequent Buyer
2023-06-17,Saturday,June,Summer,2023,BAU,P5167,Footwear,1850,10,150,4.0,50,2,16650,4500,1870,5.0,90,30,0,47,Male,Suburban,Medium,Occasional Buyer
2023-06-18,Sunday,June,Summer,2023,BAU,P5168,Toys,1500,12,190,4.1,40,1,13320,4900,1520,5.0,90,30,0,42,Male,Urban,Medium,First-time Buyer
2023-06-19,Monday,June,Summer,2023,BAU,P5169,Jewelry,7200,15,40,4.4,70,1,12240,9400,7300,5.0,90,30,0,50,Female,Urban,High,Frequent Buyer
2023-06-20,Tuesday,June,Summer,2023,BAU,P5170,Sports Equipment,4100,10,90,4.0,50,1,9225,4400,4120,5.0,90,30,0,45,Male,Suburban,Medium,Occasional Buyer
2023-06-21,Wednesday,June,Summer,2023,BAU,P5171,Electronics,8200,5,90,4.2,90,3,77900,8300,8300,5.0,90,30,0,46,Male,Urban,High,Frequent Buyer
2023-06-22,Thursday,June,Summer,2023,BAU,P5172,Fashion,1650,10,290,4.0,50,2,29700,4400,1670,5.0,90,30,0,39,Female,Urban,Medium,Occasional Buyer
2023-06-23,Friday,June,Summer,2023,BAU,P5173,Home Decor,3100,8,190,4.3,40,1,16868,1400,3120,5.0,90,30,0,52,Female,Suburban,High,Frequent Buyer
2023-06-24,Saturday,June,Summer,2023,BAU,P5174,Grocery,360,2,580,4.1,30,5,4176,1800,365,5.0,90,30,0,57,Male,Rural,Low,Frequent Buyer
2023-06-25,Sunday,June,Summer,2023,BAU,P5175,Electronics,11400,5,80,4.5,80,1,54150,7800,11500,5.0,90,30,0,45,Female,Urban,High,First-time Buyer
2023-06-26,Monday,June,Summer,2023,BAU,P5176,Beauty Products,940,7,280,4.2,60,3,14466,5800,950,5.0,90,30,0,44,Female,Urban,Medium,Frequent Buyer
2023-06-27,Tuesday,June,Summer,2023,BAU,P5177,Footwear,1900,10,140,4.0,50,2,17100,4400,1920,5.0,90,30,0,48,Male,Suburban,Medium,Occasional Buyer
2023-06-28,Wednesday,June,Summer,2023,BAU,P5178,Toys,1550,12,180,4.1,40,1,13860,4800,1570,5.0,90,30,0,43,Male,Urban,Medium,First-time Buyer
2023-06-29,Thursday,June,Summer,2023,BAU,P5179,Jewelry,7400,15,30,4.4,70,1,12580,9300,7500,5.0,90,30,0,51,Female,Urban,High,Frequent Buyer
2023-06-30,Friday,June,Summer,2023,BAU,P5180,Sports Equipment,4200,10,80,4.0,50,1,9450,4300,4220,5.0,90,30,0,46,Male,Suburban,Medium,Occasional Buyer
2023-07-01,Saturday,July,Summer,2023,BAU,P5181,Electronics,8400,5,80,4.2,90,3,79800,8200,8500,5.0,90,35,0,47,Male,Urban,High,Frequent Buyer
2023-07-02,Sunday,July,Summer,2023,BAU,P5182,Fashion,1700,10,280,4.0,50,2,30600,4300,1720,5.0,90,35,0,40,Female,Urban,Medium,Occasional Buyer
2023-07-03,Monday,July,Summer,2023,BAU,P5183,Home Decor,3200,8,180,4.3,40,1,17176,1300,3220,5.0,90,35,0,53,Female,Suburban,High,Frequent Buyer
2023-07-04,Tuesday,July,Summer,2023,BAU,P5184,Grocery,370,2,570,4.1,30,5,4224,1700,375,5.0,90,35,0,58,Male,Rural,Low,Frequent Buyer
2023-07-05,Wednesday,July,Summer,2023,BAU,P5185,Electronics,11600,5,70,4.5,80,1,55100,7700,11700,5.0,90,35,0,46,Female,Urban,High,First-time Buyer
2023-07-06,Thursday,July,Summer,2023,BAU,P5186,Beauty Products,960,7,270,4.2,60,3,14208,5700,970,5.0,90,35,0,45,Female,Urban,Medium,Frequent Buyer
2023-07-07,Friday,July,Summer,2023,BAU,P5187,Footwear,1950,10,130,4.0,50,2,17550,4300,1970,5.0,90,35,0,49,Male,Suburban,Medium,Occasional Buyer
2023-07-08,Saturday,July,Summer,2023,BAU,P5188,Toys,1600,12,170,4.1,40,1,14400,4700,1620,5.0,90,35,0,44,Male,Urban,Medium,First-time Buyer
2023-07-09,Sunday,July,Summer,2023,BAU,P5189,Jewelry,7600,15,20,4.4,70,1,12920,9200,7700,5.0,90,35,0,52,Female,Urban,High,Frequent Buyer
2023-07-10,Monday,July,Summer,2023,BAU,P5190,Sports Equipment,4300,10,70,4.0,50,1,9675,4200,4320,5.0,90,35,0,47,Male,Suburban,Medium,Occasional Buyer
2023-07-11,Tuesday,July,Summer,2023,BAU,P5191,Electronics,8600,5,70,4.2,90,2,81700,8100,8700,5.0,90,35,0,48,Male,Urban,High,Frequent Buyer
2023-07-12,Wednesday,July,Summer,2023,BAU,P5192,Fashion,1750,10,270,4.0,50,2,31500,4200,1770,5.0,90,35,0,41,Female,Urban,Medium,Occasional Buyer
2023-07-13,Thursday,July,Summer,2023,BAU,P5193,Home Decor,3300,8,170,4.3,40,1,17484,1200,3320,5.0,90,35,0,54,Female,Suburban,High,Frequent Buyer
2023-07-14,Friday,July,Summer,2023,BAU,P5194,Grocery,380,2,560,4.1,30,5,4272,1600,385,5.0,90,35,0,59,Male,Rural,Low,Frequent Buyer
2023-07-15,Saturday,July,Summer,2023,BAU,P5195,Electronics,11800,5,60,4.5,80,1,56050,7600,11900,5.0,90,35,0,47,Female,Urban,High,First-time Buyer
2023-07-16,Sunday,July,Summer,2023,BAU,P5196,Beauty Products,980,7,260,4.2,60,3,13944,5600,990,5.0,90,35,0,46,Female,Urban,Medium,Frequent Buyer
2023-07-17,Monday,July,Summer,2023,BAU,P5197,Footwear,2000,10,120,4.0,50,2,18000,4200,2020,5.0,90,35,0,50,Male,Suburban,Medium,Occasional Buyer
2023-07-18,Tuesday,July,Summer,2023,BAU,P5198,Toys,1650,12,160,4.1,40,1,14960,4600,1670,5.0,90,35,0,45,Male,Urban,Medium,First-time Buyer
2023-07-19,Wednesday,July,Summer,2023,BAU,P5199,Jewelry,7800,15,10,4.4,70,1,13260,9100,7900,5.0,90,35,0,53,Female,Urban,High,Frequent Buyer
2023-07-20,Thursday,July,Summer,2023,BAU,P5200,Sports Equipment,4400,10,60,4.0,50,1,9900,4100,4420,5.0,90,35,0,48,Male,Suburban,Medium,Occasional Buyer
2023-07-21,Friday,July,Summer,2023,BAU,P5201,Electronics,8800,5,60,4.2,90,2,83600,8000,8900,5.0,90,35,0,49,Male,Urban,High,Frequent Buyer
2023-07-22,Saturday,July,Summer,2023,BAU,P5202,Fashion,1800,10,260,4.0,50,1,32400,4100,1820,5.0,90,35,0,42,Female,Urban,Medium,Occasional Buyer
2023-07-23,Sunday,July,Summer,2023,BAU,P5203,Home Decor,3400,8,160,4.3,40,1,17792,1100,3420,5.0,90,35,0,55,Female,Suburban,High,Frequent Buyer
2023-07-24,Monday,July,Summer,2023,BAU,P5204,Grocery,390,2,550,4.1,30,5,4320,1500,395,5.0,90,35,0,60,Male,Rural,Low,Frequent Buyer
2023-07-25,Tuesday,July,Summer,2023,BAU,P5205,Electronics,12000,5,50,4.5,80,1,57000,7500,12100,5.0,90,35,0,48,Female,Urban,High,First-time Buyer
2023-07-26,Wednesday,July,Summer,2023,BAU,P5206,Beauty Products,1000,7,250,4.2,60,3,13650,5500,1010,5.0,90,35,0,47,Female,Urban,Medium,Frequent Buyer
2023-07-27,Thursday,July,Summer,2023,BAU,P5207,Footwear,2050,10,110,4.0,50,2,18450,4100,2070,5.0,90,35,0,51,Male,Suburban,Medium,Occasional Buyer
2023-07-28,Friday,July,Summer,2023,BAU,P5208,Toys,1700,12,150,4.1,40,1,15480,4500,1720,5.0,90,35,0,46,Male,Urban,Medium,First-time Buyer
2023-07-29,Saturday,July,Summer,2023,BAU,P5209,Jewelry,8000,15,50,4.4,70,1,13600,9000,8100,5.0,90,35,0,54,Female,Urban,High,Frequent Buyer
2023-07-30,Sunday,July,Summer,2023,BAU,P5210,Sports Equipment,4500,10,50,4.0,50,1,10125,4000,4520,5.0,90,35,0,49,Male,Suburban,Medium,Occasional Buyer 
2023-07-31,Monday,July,Summer,2023,BAU,P5211,Electronics,9000,5,50,4.2,80,4,85500,8000,9100,5.0,90,35,0,50,Male,Urban,High,Frequent Buyer
2023-08-02,Wednesday,August,Summer,2023,BAU,P5212,Fashion,1850,10,250,4.0,40,2,33300,4000,1870,5.0,90,35,0,43,Female,Urban,Medium,Occasional Buyer
2023-08-04,Friday,August,Summer,2023,BAU,P5213,Home Decor,3500,8,150,4.3,30,1,18060,1000,3520,5.0,90,35,0,56,Female,Suburban,High,Frequent Buyer
2023-08-06,Sunday,August,Summer,2023,BAU,P5214,Grocery,400,2,540,4.1,20,5,4320,1400,405,5.0,90,35,0,61,Male,Rural,Low,Frequent Buyer
2023-08-08,Tuesday,August,Summer,2023,BAU,P5215,Electronics,12200,5,40,4.5,70,1,57950,7400,12300,5.0,90,35,0,49,Female,Urban,High,First-time Buyer
2023-08-10,Thursday,August,Summer,2023,BAU,P5216,Beauty Products,1020,7,240,4.2,50,3,13306,5400,1030,5.0,90,35,0,48,Female,Urban,Medium,Frequent Buyer
2023-08-12,Saturday,August,Summer,2023,BAU,P5217,Footwear,2100,10,100,4.0,40,2,18900,4000,2120,5.0,90,35,0,52,Male,Suburban,Medium,Occasional Buyer
2023-08-14,Monday,August,Summer,2023,BAU,P5218,Toys,1750,12,140,4.1,30,1,15960,4400,1770,5.0,90,35,0,47,Male,Urban,Medium,First-time Buyer
2023-08-16,Wednesday,August,Summer,2023,BAU,P5219,Jewelry,8200,15,40,4.4,60,1,13940,8900,8300,5.0,90,35,0,55,Female,Urban,High,Frequent Buyer
2023-08-18,Friday,August,Summer,2023,BAU,P5220,Sports Equipment,4600,10,50,4.0,40,1,10125,3900,4620,5.0,90,35,0,50,Male,Suburban,Medium,Occasional Buyer
2023-08-20,Sunday,August,Summer,2023,BAU,P5221,Electronics,9000,5,50,4.2,80,4,85500,8000,9100,5.0,90,35,0,51,Male,Urban,High,Frequent Buyer
2023-08-22,Tuesday,August,Summer,2023,BAU,P5222,Fashion,1900,10,240,4.0,40,2,34200,3900,1920,5.0,90,35,0,44,Female,Urban,Medium,Occasional Buyer
2023-08-24,Thursday,August,Summer,2023,BAU,P5223,Home Decor,3600,8,140,4.3,30,1,18368,900,3620,5.0,90,35,0,57,Female,Suburban,High,Frequent Buyer
2023-08-26,Saturday,August,Summer,2023,BAU,P5224,Grocery,410,2,530,4.1,20,5,4368,1300,415,5.0,90,35,0,62,Male,Rural,Low,Frequent Buyer
2023-08-28,Monday,August,Summer,2023,BAU,P5225,Electronics,12400,5,30,4.5,70,1,58900,7300,12500,5.0,90,35,0,50,Female,Urban,High,First-time Buyer
2023-08-30,Wednesday,August,Summer,2023,BAU,P5226,Beauty Products,1040,7,230,4.2,50,3,13520,5300,1050,5.0,90,35,0,49,Female,Urban,Medium,Frequent Buyer
2023-09-01,Friday,September,Autumn,2023,BAU,P5227,Footwear,2150,10,90,4.0,40,2,19350,3900,2170,5.0,90,30,0,53,Male,Suburban,Medium,Occasional Buyer
2023-09-03,Sunday,September,Autumn,2023,BAU,P5228,Toys,1800,12,130,4.1,30,1,16416,4300,1820,5.0,90,30,0,48,Male,Urban,Medium,First-time Buyer
2023-09-05,Tuesday,September,Autumn,2023,BAU,P5229,Jewelry,8400,15,30,4.4,60,1,14280,8800,8500,5.0,90,30,0,56,Female,Urban,High,Frequent Buyer
2023-09-07,Thursday,September,Autumn,2023,BAU,P5230,Sports Equipment,4700,10,40,4.0,40,1,10125,3800,4720,5.0,90,30,0,51,Male,Suburban,Medium,Occasional Buyer
2023-09-09,Saturday,September,Autumn,2023,BAU,P5231,Electronics,9200,5,40,4.2,80,3,87400,7900,9300,5.0,90,30,0,52,Male,Urban,High,Frequent Buyer
2023-09-11,Monday,September,Autumn,2023,BAU,P5232,Fashion,1950,10,230,4.0,40,2,35100,3800,1970,5.0,90,30,0,45,Female,Urban,Medium,Occasional Buyer
2023-09-13,Wednesday,September,Autumn,2023,BAU,P5233,Home Decor,3700,8,130,4.3,30,1,18676,800,3720,5.0,90,30,0,58,Female,Suburban,High,Frequent Buyer
2023-09-15,Friday,September,Autumn,2023,BAU,P5234,Grocery,420,2,520,4.1,20,5,4416,1200,425,5.0,90,30,0,63,Male,Rural,Low,Frequent Buyer
2023-09-17,Sunday,September,Autumn,2023,BAU,P5235,Electronics,12600,5,20,4.5,70,1,59850,7200,12700,5.0,90,30,0,51,Female,Urban,High,First-time Buyer
2023-09-19,Tuesday,September,Autumn,2023,BAU,P5236,Beauty Products,1060,7,220,4.2,50,3,13734,5200,1070,5.0,90,30,0,50,Female,Urban,Medium,Frequent Buyer
2023-09-21,Thursday,September,Autumn,2023,BAU,P5237,Footwear,2200,10,80,4.0,40,2,19800,3800,2220,5.0,90,30,0,54,Male,Suburban,Medium,Occasional Buyer
2023-09-23,Saturday,September,Autumn,2023,BAU,P5238,Toys,1850,12,120,4.1,30,1,16872,4200,1870,5.0,90,30,0,49,Male,Urban,Medium,First-time Buyer
2023-09-25,Monday,September,Autumn,2023,BAU,P5239,Jewelry,8600,15,20,4.4,60,1,14620,8700,8700,5.0,90,30,0,57,Female,Urban,High,Frequent Buyer
2023-09-27,Wednesday,September,Autumn,2023,BAU,P5240,Sports Equipment,4800,10,30,4.0,40,1,10350,3700,4820,5.0,90,30,0,52,Male,Suburban,Medium,Occasional Buyer
2023-09-29,Friday,September,Autumn,2023,BAU,P5241,Electronics,9400,5,30,4.2,80,2,89200,7800,9500,5.0,90,30,0,53,Male,Urban,High,Frequent Buyer
2023-10-01,Sunday,October,Autumn,2023,BAU,P5242,Fashion,2000,10,220,4.0,40,2,36000,3700,2020,5.0,90,25,0,46,Female,Urban,Medium,Occasional Buyer
2023-10-03,Tuesday,October,Autumn,2023,BAU,P5243,Home Decor,3800,8,120,4.3,30,1,18984,700,3820,5.0,90,25,0,59,Female,Suburban,High,Frequent Buyer
2023-10-05,Thursday,October,Autumn,2023,BAU,P5244,Grocery,430,2,510,4.1,20,5,4464,1100,435,5.0,90,25,0,64,Male,Rural,Low,Frequent Buyer
2023-10-07,Saturday,October,Autumn,2023,BAU,P5245,Electronics,12800,5,10,4.5,70,1,60800,7100,12900,5.0,90,25,0,52,Female,Urban,High,First-time Buyer
2023-10-09,Monday,October,Autumn,2023,BAU,P5246,Beauty Products,1080,7,210,4.2,50,3,13948,5100,1090,5.0,90,25,0,51,Female,Urban,Medium,Frequent Buyer
2023-10-11,Wednesday,October,Autumn,2023,BAU,P5247,Footwear,2250,10,70,4.0,40,2,20250,3700,2270,5.0,90,25,0,55,Male,Suburban,Medium,Occasional Buyer
2023-10-13,Friday,October,Autumn,2023,BAU,P5248,Toys,1900,12,110,4.1,30,1,17328,4100,1920,5.0,90,25,0,50,Male,Urban,Medium,First-time Buyer
2023-10-15,Sunday,October,Autumn,2023,BAU,P5249,Jewelry,8800,15,10,4.4,60,1,14960,8600,8900,5.0,90,25,0,58,Female,Urban,High,Frequent Buyer
2023-10-17,Tuesday,October,Autumn,2023,BAU,P5250,Sports Equipment,4900,10,20,4.0,40,1,10575,3600,4920,5.0,90,25,0,53,Male,Suburban,Medium,Occasional Buyer
2023-10-19,Thursday,October,Autumn,2023,BAU,P5251,Electronics,9600,5,20,4.2,80,2,91000,7700,9700,5.0,90,25,0,54,Male,Urban,High,Frequent Buyer
2023-10-21,Saturday,October,Autumn,2023,BAU,P5252,Fashion,2050,10,210,4.0,40,2,36900,3600,2070,5.0,90,25,0,47,Female,Urban,Medium,Occasional Buyer
2023-10-23,Monday,October,Autumn,2023,BAU,P5253,Home Decor,3900,8,110,4.3,30,1,19292,600,3920,5.0,90,25,0,60,Female,Suburban,High,Frequent Buyer
2023-10-25,Wednesday,October,Autumn,2023,BAU,P5254,Grocery,440,2,500,4.1,20,5,4512,1000,445,5.0,90,25,0,65,Male,Rural,Low,Frequent Buyer
2023-10-27,Friday,October,Autumn,2023,BAU,P5255,Electronics,13000,5,10,4.5,70,1,61750,7000,13100,5.0,90,25,0,53,Female,Urban,High,First-time Buyer
2023-10-29,Sunday,October,Autumn,2023,BAU,P5256,Beauty Products,1100,7,200,4.2,50,3,14162,5000,1110,5.0,90,25,0,52,Female,Urban,Medium,Frequent Buyer
2023-10-31,Tuesday,October,Autumn,2023,BAU,P5257,Footwear,2300,10,60,4.0,40,2,20700,3600,2320,5.0,90,25,0,56,Male,Suburban,Medium,Occasional Buyer
2023-11-02,Thursday,November,Autumn,2023,BAU,P5258,Toys,1950,12,100,4.1,30,1,17784,4000,1970,5.0,90,20,0,51,Male,Urban,Medium,First-time Buyer
2023-11-04,Saturday,November,Autumn,2023,BAU,P5259,Jewelry,9000,15,10,4.4,60,1,15300,8500,9100,5.0,90,20,0,59,Female,Urban,High,Frequent Buyer
2023-11-06,Monday,November,Autumn,2023,BAU,P5260,Sports Equipment,5000,10,10,4.0,40,1,10800,3500,5020,5.0,90,20,0,54,Male,Suburban,Medium,Occasional Buyer
2023-11-08,Wednesday,November,Autumn,2023,BAU,P5261,Electronics,9800,5,10,4.2,80,2,92800,7600,9900,5.0,90,20,0,55,Male,Urban,High,Frequent Buyer
2023-11-10,Friday,November,Autumn,2023,BAU,P5262,Fashion,2100,10,200,4.0,40,2,37800,3500,2120,5.0,90,20,0,48,Female,Urban,Medium,Occasional Buyer
2023-11-12,Sunday,November,Autumn,2023,BAU,P5263,Home Decor,4000,8,100,4.3,30,1,19600,500,4020,5.0,90,20,0,61,Female,Suburban,High,Frequent Buyer
2023-11-14,Tuesday,November,Autumn,2023,BAU,P5264,Grocery,450,2,490,4.1,20,5,4560,900,455,5.0,90,20,0,66,Male,Rural,Low,Frequent Buyer
2023-11-16,Thursday,November,Autumn,2023,BAU,P5265,Electronics,13200,5,10,4.5,70,1,62700,6900,13300,5.0,90,20,0,54,Female,Urban,High,First-time Buyer
2023-11-18,Saturday,November,Autumn,2023,BAU,P5266,Beauty Products,1120,7,190,4.2,50,3,14376,4900,1130,5.0,90,20,0,53,Female,Urban,Medium,Frequent Buyer
2023-11-20,Monday,November,Autumn,2023,BAU,P5267,Footwear,2350,10,50,4.0,40,2,21150,3500,2370,5.0,90,20,0,57,Male,Suburban,Medium,Occasional Buyer
2023-11-22,Wednesday,November,Autumn,2023,BAU,P5268,Toys,2000,12,90,4.1,30,1,18240,3900,2020,5.0,90,20,0,52,Male,Urban,Medium,First-time Buyer
2023-02-10,Friday,February,Winter,2023,BAU,P5270,Fashion,800,10,500,4.0,40,20,14400,15000,820,5.0,90,10,0,25,Female,Urban,Medium,Occasional Buyer
2023-03-15,Wednesday,March,Spring,2023,BAU,P5271,Home Decor,1500,8,400,4.3,30,10,13800,12000,1520,5.0,90,15,0,35,Female,Suburban,High,Frequent Buyer
2023-04-20,Thursday,April,Spring,2023,BAU,P5272,Grocery,200,2,800,4.1,20,50,19000,8000,205,5.0,90,20,0,40,Male,Rural,Low,Frequent Buyer
2023-05-25,Thursday,May,Spring,2023,BAU,P5273,Electronics,8000,5,150,4.5,50,8,72250,25000,8100,5.0,90,25,0,28,Female,Urban,High,First-time Buyer
2023-06-30,Friday,June,Summer,2023,BAU,P5274,Beauty Products,600,7,500,4.2,30,25,27900,10000,610,5.0,90,30,0,27,Female,Urban,Medium,Frequent Buyer
2023-07-05,Wednesday,July,Summer,2023,BAU,P5275,Footwear,1200,10,350,4.0,40,18,43200,15000,1220,5.0,90,35,0,32,Male,Suburban,Medium,Occasional Buyer
2023-08-10,Thursday,August,Summer,2023,BAU,P5276,Toys,800,12,400,4.1,30,12,16800,9000,820,5.0,90,35,0,26,Male,Urban,Medium,First-time Buyer
2023-09-15,Friday,September,Autumn,2023,BAU,P5277,Jewelry,4000,15,200,4.4,50,5,17000,20000,4100,5.0,90,30,0,34,Female,Urban,High,Frequent Buyer
2023-10-20,Friday,October,Autumn,2023,BAU,P5278,Sports Equipment,2500,10,300,4.0,25,7,18000,15000,2520,5.0,90,25,0,29,Male,Suburban,Medium,Occasional Buyer
2023-11-25,Saturday,November,Autumn,2023,BAU,P5279,Electronics,5200,5,280,4.2,55,13,88920,22000,5300,5.0,90,20,0,31,Male,Urban,High,Frequent Buyer
2023-12-30,Saturday,December,Winter,2023,BAU,P5280,Fashion,850,10,480,4.0,35,18,22950,14000,870,5.0,90,15,0,24,Female,Urban,Medium,Occasional Buyer
2023-01-04,Wednesday,January,Winter,2023,BAU,P5281,Home Decor,1600,8,380,4.3,25,9,17664,11000,1620,5.0,90,10,0,36,Female,Suburban,High,Frequent Buyer
2023-02-09,Thursday,February,Winter,2023,BAU,P5282,Grocery,210,2,780,4.1,15,45,18522,7000,215,5.0,90,10,0,41,Male,Rural,Low,Frequent Buyer
2023-03-16,Thursday,March,Spring,2023,BAU,P5283,Electronics,8200,5,140,4.5,45,7,70070,24000,8300,5.0,90,15,0,29,Female,Urban,High,First-time Buyer
2023-04-21,Friday,April,Spring,2023,BAU,P5284,Beauty Products,620,7,480,4.2,25,20,25974,9500,630,5.0,90,20,0,28,Female,Urban,Medium,Frequent Buyer
2023-05-26,Friday,May,Spring,2023,BAU,P5285,Footwear,1100,10,340,4.0,35,15,34650,14000,1120,5.0,90,25,0,33,Male,Suburban,Medium,Occasional Buyer
2023-06-01,Thursday,June,Summer,2023,BAU,P5286,Toys,750,12,380,4.1,20,10,13200,8500,770,5.0,90,30,0,27,Male,Urban,Medium,First-time Buyer
2023-07-07,Friday,July,Summer,2023,BAU,P5287,Jewelry,4200,15,190,4.4,40,4,14280,19000,4300,5.0,90,35,0,35,Female,Urban,High,Frequent Buyer
2023-08-12,Saturday,August,Summer,2023,BAU,P5288,Sports Equipment,2600,10,280,4.0,20,6,14040,14000,2620,5.0,90,35,0,30,Male,Suburban,Medium,Occasional Buyer
2023-09-17,Sunday,September,Autumn,2023,BAU,P5289,Electronics,5400,5,260,4.2,50,12,82080,21000,5500,5.0,90,30,0,32,Male,Urban,High,Frequent Buyer
2023-10-22,Sunday,October,Autumn,2023,BAU,P5290,Fashion,900,10,460,4.0,30,17,20250,13000,920,5.0,90,25,0,25,Female,Urban,Medium,Occasional Buyer
2023-11-27,Monday,November,Autumn,2023,BAU,P5291,Home Decor,1700,8,360,4.3,20,8,15640,10000,1720,5.0,90,20,0,37,Female,Suburban,High,Frequent Buyer
2023-12-02,Saturday,December,Winter,2023,BAU,P5292,Grocery,220,2,760,4.1,10,40,17248,6000,225,5.0,90,15,0,42,Male,Rural,Low,Frequent Buyer
2023-01-07,Saturday,January,Winter,2023,BAU,P5293,Electronics,8400,5,130,4.5,40,6,71400,23000,8500,5.0,90,10,0,30,Female,Urban,High,First-time Buyer
2023-02-12,Sunday,February,Winter,2023,BAU,P5294,Beauty Products,640,7,460,4.2,20,18,23712,9000,650,5.0,90,10,0,29,Female,Urban,Medium,Frequent Buyer
2023-03-19,Sunday,March,Spring,2023,BAU,P5295,Footwear,1150,10,320,4.0,30,13,33350,13000,1170,5.0,90,15,0,34,Male,Suburban,Medium,Occasional Buyer
2023-04-24,Monday,April,Spring,2023,BAU,P5296,Toys,800,12,360,4.1,15,9,12672,8000,820,5.0,90,20,0,28,Male,Urban,Medium,First-time Buyer
2023-05-29,Monday,May,Spring,2023,BAU,P5297,Jewelry,4400,15,180,4.4,35,3,11220,18000,4500,5.0,90,25,0,36,Female,Urban,High,Frequent Buyer
2023-07-04,Tuesday,July,Summer,2023,BAU,P5298,Sports Equipment,2700,10,260,4.0,25,5,12150,13000,2720,5.0,90,35,0,31,Male,Suburban,Medium,Occasional Buyer
2023-08-09,Wednesday,August,Summer,2023,BAU,P5299,Electronics,5600,5,240,4.2,45,11,79800,20000,5700,5.0,90,35,0,33,Male,Urban,High,Frequent Buyer
2023-09-14,Thursday,September,Autumn,2023,BAU,P5300,Fashion,950,10,440,4.0,25,16,17100,12000,970,5.0,90,30,0,26,Female,Urban,Medium,Occasional Buyer
2023-10-19,Thursday,October,Autumn,2023,BAU,P5301,Home Decor,1800,8,340,4.3,15,7,13248,9000,1820,5.0,90,25,0,38,Female,Suburban,High,Frequent Buyer
2023-11-24,Friday,November,Autumn,2023,BAU,P5302,Grocery,230,2,740,4.1,10,35,15764,5000,235,5.0,90,20,0,43,Male,Rural,Low,Frequent Buyer
2023-12-29,Friday,December,Winter,2023,BAU,P5303,Electronics,8600,5,120,4.5,40,5,73150,22000,8700,5.0,90,15,0,31,Female,Urban,High,First-time Buyer
2023-01-03,Tuesday,January,Winter,2023,BAU,P5304,Beauty Products,660,7,440,4.2,20,16,27148,8500,670,5.0,90,10,0,30,Female,Urban,Medium,Frequent Buyer
2023-02-08,Wednesday,February,Winter,2023,BAU,P5305,Footwear,1200,10,300,4.0,30,12,32400,12000,1220,5.0,90,10,0,35,Male,Suburban,Medium,Occasional Buyer
2023-03-15,Wednesday,March,Spring,2023,BAU,P5306,Toys,850,12,340,4.1,15,8,11220,7500,870,5.0,90,15,0,29,Male,Urban,Medium,First-time Buyer
2023-04-20,Thursday,April,Spring,2023,BAU,P5307,Jewelry,4600,15,170,4.4,30,2,11730,17000,4700,5.0,90,20,0,37,Female,Urban,High,Frequent Buyer
2023-05-25,Thursday,May,Spring,2023,BAU,P5308,Sports Equipment,2800,10,240,4.0,20,4,10080,12000,2820,5.0,90,25,0,32,Male,Suburban,Medium,Occasional Buyer
2023-06-30,Friday,June,Summer,2023,BAU,P5309,Electronics,5800,5,220,4.2,40,10,69660,19000,5900,5.0,90,30,0,34,Male,Urban,High,Frequent Buyer
2023-08-04,Friday,August,Summer,2023,BAU,P5310,Fashion,1000,10,420,4.0,20,14,18000,11000,1020,5.0,90,35,0,27,Female,Urban,Medium,Occasional Buyer
2023-09-09,Saturday,September,Autumn,2023,BAU,P5311,Home Decor,1900,8,320,4.3,10,6,13936,8000,1920,5.0,90,30,0,39,Female,Suburban,High,Frequent Buyer
2023-10-14,Saturday,October,Autumn,2023,BAU,P5312,Grocery,240,2,720,4.1,5,30,16848,4000,245,5.0,90,25,0,44,Male,Rural,Low,Frequent Buyer
2023-11-19,Sunday,November,Autumn,2023,BAU,P5313,Electronics,8800,5,110,4.5,35,5,74800,21000,8900,5.0,90,20,0,32,Female,Urban,High,First-time Buyer
2023-12-24,Sunday,December,Winter,2023,BAU,P5314,Beauty Products,680,7,420,4.2,15,12,26684,8000,690,5.0,90,15,0,31,Female,Urban,Medium,Frequent Buyer
2023-01-04,Wednesday,January,Winter,2023,BAU,P5315,Footwear,1250,10,280,4.0,25,10,30000,11000,1270,5.0,90,10,0,36,Male,Suburban,Medium,Occasional Buyer
2023-02-09,Thursday,February,Winter,2023,BAU,P5316,Toys,900,12,320,4.1,10,7,9504,7000,920,5.0,90,10,0,30,Male,Urban,Medium,First-time Buyer
2023-03-16,Thursday,March,Spring,2023,BAU,P5317,Jewelry,4800,15,160,4.4,25,2,9792,16000,4900,5.0,90,15,0,38,Female,Urban,High,Frequent Buyer
2023-04-21,Friday,April,Spring,2023,BAU,P5318,Sports Equipment,2900,10,220,4.0,15,3,7830,11000,2920,5.0,90,20,0,33,Male,Suburban,Medium,Occasional Buyer
2023-05-26,Friday,May,Spring,2023,BAU,P5319,Electronics,6000,5,210,4.2,50,11,85500,18000,6100,5.0,90,25,0,34,Male,Urban,High,Frequent Buyer
2023-07-01,Saturday,July,Summer,2023,BAU,P5320,Fashion,1050,10,410,4.0,30,16,18900,10000,1070,5.0,90,35,0,27,Female,Urban,Medium,Occasional Buyer
2023-08-06,Sunday,August,Summer,2023,BAU,P5321,Home Decor,2000,8,310,4.3,20,7,14720,7000,2020,5.0,90,35,0,40,Female,Suburban,High,Frequent Buyer
2023-09-11,Monday,September,Autumn,2023,BAU,P5322,Grocery,250,2,700,4.1,10,35,12250,3000,255,5.0,90,30,0,45,Male,Rural,Low,Frequent Buyer
2023-10-16,Monday,October,Autumn,2023,BAU,P5323,Electronics,9000,5,100,4.5,40,6,42750,20000,9100,5.0,90,25,0,33,Female,Urban,High,First-time Buyer
2023-11-21,Tuesday,November,Autumn,2023,BAU,P5324,Beauty Products,700,7,400,4.2,20,14,16310,7000,710,5.0,90,20,0,32,Female,Urban,Medium,Frequent Buyer
2023-12-26,Tuesday,December,Winter,2023,BAU,P5325,Footwear,1300,10,260,4.0,15,9,21060,10000,1320,5.0,90,15,0,36,Male,Suburban,Medium,Occasional Buyer
2023-08-06,Sunday,August,Summer,2023,FSMS,P2001,Electronics,5000,15,300,4.3,220,70,297500,70000,5200,5.5,96,32,0,29,Male,Urban,High,Frequent Buyer
2023-08-06,Sunday,August,Summer,2023,FSMS,P2002,Fashion,900,20,500,4.0,180,150,108000,60000,950,5.5,96,32,0,22,Female,Urban,Medium,Occasional Buyer
2023-08-06,Sunday,August,Summer,2023,FSMS,P2003,Home Decor,1500,25,400,4.5,250,80,90000,55000,1550,5.5,96,32,0,35,Female,Suburban,High,Frequent Buyer
2023-08-06,Sunday,August,Summer,2023,FSMS,P2004,Grocery,200,5,800,4.2,100,300,57000,40000,210,5.5,96,32,0,40,Male,Rural,Low,Frequent Buyer
2023-08-06,Sunday,August,Summer,2023,FSMS,P2005,Electronics,8000,10,150,4.6,300,40,288000,80000,8200,5.5,96,32,0,31,Female,Urban,High,First-time Buyer
2023-08-06,Sunday,August,Summer,2023,FSMS,P2006,Beauty Products,700,15,500,4.2,150,120,71400,45000,720,5.5,96,32,0,27,Female,Urban,Medium,Frequent Buyer
2023-08-06,Sunday,August,Summer,2023,FSMS,P2007,Footwear,1200,20,350,4.1,200,90,86400,50000,1250,5.5,96,32,0,30,Male,Suburban,Medium,Occasional Buyer
2023-08-06,Sunday,August,Summer,2023,FSMS,P2008,Toys,800,25,400,4.3,180,110,66000,40000,850,5.5,96,32,0,26,Male,Urban,Medium,First-time Buyer
2023-08-06,Sunday,August,Summer,2023,FSMS,P2009,Jewelry,4000,30,200,4.5,220,50,140000,60000,4200,5.5,96,32,0,33,Female,Urban,High,Frequent Buyer
2023-08-06,Sunday,August,Summer,2023,FSMS,P2010,Sports Equipment,2500,20,300,4.0,170,80,160000,55000,2600,5.5,96,32,0,28,Male,Suburban,Medium,Occasional Buyer
2023-09-03,Sunday,September,Autumn,2023,FSMS,P2011,Electronics,5200,15,280,4.3,210,65,286900,68000,5400,5.5,96,28,0,30,Male,Urban,High,Frequent Buyer
2023-09-03,Sunday,September,Autumn,2023,FSMS,P2012,Fashion,950,20,480,4.0,170,140,108300,58000,1000,5.5,96,28,0,23,Female,Urban,Medium,Occasional Buyer
2023-09-03,Sunday,September,Autumn,2023,FSMS,P2013,Home Decor,1600,25,380,4.5,240,75,90000,53000,1650,5.5,96,28,0,36,Female,Suburban,High,Frequent Buyer
2023-09-03,Sunday,September,Autumn,2023,FSMS,P2014,Grocery,210,5,780,4.2,90,290,57570,39000,220,5.5,96,28,0,41,Male,Rural,Low,Frequent Buyer
2023-09-03,Sunday,September,Autumn,2023,FSMS,P2015,Electronics,8200,10,140,4.6,290,35,258300,78000,8400,5.5,96,28,0,32,Female,Urban,High,First-time Buyer
2023-09-03,Sunday,September,Autumn,2023,FSMS,P2016,Beauty Products,720,15,480,4.2,140,115,71460,43000,740,5.5,96,28,0,28,Female,Urban,Medium,Frequent Buyer
2023-09-03,Sunday,September,Autumn,2023,FSMS,P2017,Footwear,1250,20,340,4.1,190,85,85000,48000,1300,5.5,96,28,0,31,Male,Suburban,Medium,Occasional Buyer
2023-09-03,Sunday,September,Autumn,2023,FSMS,P2018,Toys,850,25,380,4.3,170,105,66875,38000,900,5.5,96,28,0,27,Male,Urban,Medium,First-time Buyer
2023-09-03,Sunday,September,Autumn,2023,FSMS,P2019,Jewelry,4200,30,190,4.5,210,45,132300,58000,4400,5.5,96,28,0,34,Female,Urban,High,Frequent Buyer
2023-09-03,Sunday,September,Autumn,2023,FSMS,P2020,Sports Equipment,2600,20,280,4.0,160,75,156000,53000,2700,5.5,96,28,0,29,Male,Suburban,Medium,Occasional Buyer
2023-10-01,Sunday,October,Autumn,2023,FSMS,P2021,Electronics,5400,15,260,4.3,200,60,275940,66000,5600,5.5,96,25,0,31,Male,Urban,High,Frequent Buyer
2023-10-01,Sunday,October,Autumn,2023,FSMS,P2022,Fashion,1000,20,460,4.0,160,130,104000,56000,1050,5.5,96,25,0,24,Female,Urban,Medium,Occasional Buyer
2023-10-01,Sunday,October,Autumn,2023,FSMS,P2023,Home Decor,1700,25,360,4.5,230,70,89250,51000,1750,5.5,96,25,0,37,Female,Suburban,High,Frequent Buyer
2023-10-01,Sunday,October,Autumn,2023,FSMS,P2024,Grocery,220,5,760,4.2,80,280,58080,38000,230,5.5,96,25,0,42,Male,Rural,Low,Frequent Buyer
2023-10-01,Sunday,October,Autumn,2023,FSMS,P2025,Electronics,8400,10,130,4.6,280,30,252000,76000,8600,5.5,96,25,0,33,Female,Urban,High,First-time Buyer
2023-10-01,Sunday,October,Autumn,2023,FSMS,P2026,Beauty Products,740,15,460,4.2,130,110,73230,41000,760,5.5,96,25,0,29,Female,Urban,Medium,Frequent Buyer
2023-10-01,Sunday,October,Autumn,2023,FSMS,P2027,Footwear,1300,20,320,4.1,180,80,83200,46000,1350,5.5,96,25,0,32,Male,Suburban,Medium,Occasional Buyer
2023-10-01,Sunday,October,Autumn,2023,FSMS,P2028,Toys,900,25,360,4.3,160,100,67500,36000,950,5.5,96,25,0,28,Male,Urban,Medium,First-time Buyer
2023-10-01,Sunday,October,Autumn,2023,FSMS,P2029,Jewelry,4400,30,180,4.5,200,40,132440,56000,4600,5.5,96,25,0,35,Female,Urban,High,Frequent Buyer
2023-10-01,Sunday,October,Autumn,2023,FSMS,P2030,Sports Equipment,2700,20,260,4.0,150,70,151200,51000,2800,5.5,96,25,0,30,Male,Suburban,Medium,Occasional Buyer
2023-11-05,Sunday,November,Autumn,2023,FSMS,P2031,Electronics,5600,15,240,4.3,190,55,264600,64000,5800,5.5,96,20,0,32,Male,Urban,High,Frequent Buyer
2023-11-05,Sunday,November,Autumn,2023,FSMS,P2032,Fashion,1050,20,440,4.0,150,120,100800,54000,1100,5.5,96,20,0,25,Female,Urban,Medium,Occasional Buyer
2023-11-05,Sunday,November,Autumn,2023,FSMS,P2033,Home Decor,1800,25,340,4.5,220,65,88200,49000,1850,5.5,96,20,0,38,Female,Suburban,High,Frequent Buyer
2023-11-05,Sunday,November,Autumn,2023,FSMS,P2034,Grocery,230,5,740,4.2,70,270,58545,37000,240,5.5,96,20,0,43,Male,Rural,Low,Frequent Buyer
2023-11-05,Sunday,November,Autumn,2023,FSMS,P2035,Electronics,8600,10,120,4.6,270,25,257400,74000,8800,5.5,96,20,0,34,Female,Urban,High,First-time Buyer
2023-11-05,Sunday,November,Autumn,2023,FSMS,P2036,Beauty Products,760,15,440,4.2,120,105,75060,39000,780,5.5,96,20,0,30,Female,Urban,Medium,Frequent Buyer
2023-11-05,Sunday,November,Autumn,2023,FSMS,P2037,Footwear,1350,20,300,4.1,170,75,81000,44000,1400,5.5,96,20,0,33,Male,Suburban,Medium,Occasional Buyer
2023-11-05,Sunday,November,Autumn,2023,FSMS,P2038,Toys,950,25,340,4.3,150,95,68137.5,34000,1000,5.5,96,20,0,29,Male,Urban,Medium,First-time Buyer
2023-11-05,Sunday,November,Autumn,2023,FSMS,P2039,Jewelry,4600,30,170,4.5,190,35,132090,54000,4800,5.5,96,20,0,36,Female,Urban,High,Frequent Buyer
2023-11-05,Sunday,November,Autumn,2023,FSMS,P2040,Sports Equipment,2800,20,240,4.0,140,65,145600,49000,2900,5.5,96,20,0,31,Male,Suburban,Medium,Occasional Buyer
2023-12-03,Sunday,December,Winter,2023,FSMS,P2041,Electronics,5800,15,220,4.3,180,50,253300,62000,6000,5.5,96,15,0,33,Male,Urban,High,Frequent Buyer
2023-12-03,Sunday,December,Winter,2023,FSMS,P2042,Fashion,1100,20,420,4.0,140,110,96800,52000,1150,5.5,96,15,0,26,Female,Urban,Medium,Occasional Buyer
2023-12-03,Sunday,December,Winter,2023,FSMS,P2043,Home Decor,1900,25,320,4.5,210,60,85500,47000,1950,5.5,96,15,0,39,Female,Suburban,High,Frequent Buyer
2023-12-03,Sunday,December,Winter,2023,FSMS,P2044,Grocery,240,5,720,4.2,60,260,59040,36000,250,5.5,96,15,0,44,Male,Rural,Low,Frequent Buyer
2023-12-03,Sunday,December,Winter,2023,FSMS,P2045,Electronics,8800,10,110,4.6,260,20,257400,72000,9000,5.5,96,15,0,35,Female,Urban,High,First-time Buyer
2023-12-03,Sunday,December,Winter,2023,FSMS,P2046,Beauty Products,780,15,420,4.2,110,100,76890,37000,800,5.5,96,15,0,31,Female,Urban,Medium,Frequent Buyer
2023-12-03,Sunday,December,Winter,2023,FSMS,P2047,Footwear,1400,20,280,4.1,160,70,78400,42000,1450,5.5,96,15,0,34,Male,Suburban,Medium,Occasional Buyer
2023-12-03,Sunday,December,Winter,2023,FSMS,P2048,Toys,1000,25,320,4.3,140,90,68850,32000,1050,5.5,96,15,0,30,Male,Urban,Medium,First-time Buyer
2023-12-03,Sunday,December,Winter,2023,FSMS,P2049,Jewelry,4800,30,160,4.5,180,30,131040,52000,5000,5.5,96,15,0,37,Female,Urban,High,Frequent Buyer
2023-12-03,Sunday,December,Winter,2023,FSMS,P2050,Sports Equipment,2900,20,220,4.0,130,60,139200,47000,3000,5.5,96,15,0,32,Male,Suburban,Medium,Occasional Buyer
2023-08-15,Tuesday,August,Summer,2023,MBS,P3001,Electronics,15000,40,200,4.7,400,100,900000,90000,15500,5.5,95,33,0,30,Male,Urban,High,Frequent Buyer
2023-08-15,Tuesday,August,Summer,2023,MBS,P3002,Fashion,800,50,500,4.5,250,200,80000,70000,850,5.5,95,33,0,25,Female,Urban,Medium,Occasional Buyer
2023-08-15,Tuesday,August,Summer,2023,MBS,P3003,Home Decor,2000,35,300,4.6,180,80,104000,60000,2100,5.5,95,33,0,35,Female,Suburban,High,Frequent Buyer
2023-08-15,Tuesday,August,Summer,2023,MBS,P3004,Beauty Products,600,45,600,4.4,220,150,49500,50000,650,5.5,95,33,0,28,Female,Urban,Medium,First-time Buyer
2023-08-15,Tuesday,August,Summer,2023,MBS,P3005,Footwear,1200,50,400,4.3,150,120,72000,55000,1250,5.5,95,33,0,32,Male,Urban,Medium,Occasional Buyer
2023-08-15,Tuesday,August,Summer,2023,MBS,P3006,Appliances,8000,40,150,4.5,300,60,288000,80000,8200,5.5,95,33,0,40,Male,Suburban,High,Frequent Buyer
2023-08-15,Tuesday,August,Summer,2023,MBS,P3007,Grocery,500,20,800,4.2,100,300,120000,40000,520,5.5,95,33,0,45,Female,Rural,Low,Frequent Buyer
2023-08-15,Tuesday,August,Summer,2023,MBS,P3008,Toys,1500,30,350,4.1,130,90,94500,45000,1550,5.5,95,33,0,27,Male,Urban,Medium,Occasional Buyer
2023-08-15,Tuesday,August,Summer,2023,MBS,P3009,Jewelry,5000,50,250,4.8,280,50,125000,70000,5100,5.5,95,33,0,29,Female,Urban,High,First-time Buyer
2023-08-15,Tuesday,August,Summer,2023,MBS,P3010,Sports Equipment,3000,35,200,4.3,150,70,136500,60000,3100,5.5,95,33,0,35,Male,Suburban,High,Occasional Buyer
2023-08-16,Wednesday,August,Summer,2023,MBS,P3011,Electronics,12000,40,180,4.7,350,90,648000,85000,12500,5.5,95,34,0,31,Male,Urban,High,Frequent Buyer
2023-08-16,Wednesday,August,Summer,2023,MBS,P3012,Fashion,900,50,480,4.5,230,180,81000,65000,950,5.5,95,34,0,26,Female,Urban,Medium,Occasional Buyer
2023-08-16,Wednesday,August,Summer,2023,MBS,P3013,Home Decor,2200,35,280,4.6,170,70,100100,55000,2300,5.5,95,34,0,36,Female,Suburban,High,Frequent Buyer
2023-08-16,Wednesday,August,Summer,2023,MBS,P3014,Beauty Products,650,45,580,4.4,210,140,50175,48000,700,5.5,95,34,0,29,Female,Urban,Medium,First-time Buyer
2023-08-16,Wednesday,August,Summer,2023,MBS,P3015,Footwear,1300,50,380,4.3,140,110,71500,53000,1350,5.5,95,34,0,33,Male,Urban,Medium,Occasional Buyer
2023-08-16,Wednesday,August,Summer,2023,MBS,P3016,Appliances,8500,40,140,4.5,290,50,255000,78000,8700,5.5,95,34,0,41,Male,Suburban,High,Frequent Buyer
2023-08-16,Wednesday,August,Summer,2023,MBS,P3017,Grocery,550,20,780,4.2,90,280,123200,38000,570,5.5,95,34,0,46,Female,Rural,Low,Frequent Buyer
2023-08-16,Wednesday,August,Summer,2023,MBS,P3018,Toys,1600,30,340,4.1,120,80,89600,43000,1650,5.5,95,34,0,28,Male,Urban,Medium,Occasional Buyer
2023-08-16,Wednesday,August,Summer,2023,MBS,P3019,Jewelry,5200,50,240,4.8,270,40,104000,68000,5300,5.5,95,34,0,30,Female,Urban,High,First-time Buyer
2023-08-16,Wednesday,August,Summer,2023,MBS,P3020,Sports Equipment,3100,35,190,4.3,140,60,120900,58000,3200,5.5,95,34,0,36,Male,Suburban,High,Occasional Buyer
2023-08-17,Thursday,August,Summer,2023,MBS,P3021,Electronics,14000,40,160,4.7,320,80,672000,80000,14500,5.5,95,35,0,32,Male,Urban,High,Frequent Buyer
2023-08-17,Thursday,August,Summer,2023,MBS,P3022,Fashion,850,50,460,4.5,210,160,68000,60000,900,5.5,95,35,0,27,Female,Urban,Medium,Occasional Buyer
2023-08-17,Thursday,August,Summer,2023,MBS,P3023,Home Decor,2400,35,260,4.6,160,60,91200,50000,2500,5.5,95,35,0,37,Female,Suburban,High,Frequent Buyer
2023-08-17,Thursday,August,Summer,2023,MBS,P3024,Beauty Products,700,45,560,4.4,200,130,50050,46000,750,5.5,95,35,0,30,Female,Urban,Medium,First-time Buyer
2023-08-17,Thursday,August,Summer,2023,MBS,P3025,Footwear,1250,50,360,4.3,130,100,62500,51000,1300,5.5,95,35,0,34,Male,Urban,Medium,Occasional Buyer
2023-08-17,Thursday,August,Summer,2023,MBS,P3026,Appliances,9000,40,130,4.5,280,40,216000,76000,9200,5.5,95,35,0,42,Male,Suburban,High,Frequent Buyer
2023-08-17,Thursday,August,Summer,2023,MBS,P3027,Grocery,600,20,760,4.2,80,260,124800,36000,620,5.5,95,35,0,47,Female,Rural,Low,Frequent Buyer
2023-08-17,Thursday,August,Summer,2023,MBS,P3028,Toys,1700,30,330,4.1,110,70,102900,41000,1750,5.5,95,35,0,29,Male,Urban,Medium,Occasional Buyer
2023-08-17,Thursday,August,Summer,2023,MBS,P3029,Jewelry,5400,50,230,4.8,260,30,81000,66000,5500,5.5,95,35,0,31,Female,Urban,High,First-time Buyer
2023-08-17,Thursday,August,Summer,2023,MBS,P3030,Sports Equipment,3200,35,180,4.3,130,50,112000,56000,3300,5.5,95,35,0,37,Male,Suburban,High,Occasional Buyer
2023-08-18,Friday,August,Summer,2023,MBS,P3031,Electronics,16000,40,140,4.7,300,70,672000,75000,16500,5.5,95,34,0,33,Male,Urban,High,Frequent Buyer
2023-08-18,Friday,August,Summer,2023,MBS,P3032,Fashion,800,50,440,4.5,190,140,56000,55000,850,5.5,95,34,0,28,Female,Urban,Medium,Occasional Buyer
2023-08-18,Friday,August,Summer,2023,MBS,P3033,Home Decor,2600,35,240,4.6,150,50,91000,48000,2700,5.5,95,34,0,38,Female,Suburban,High,Frequent Buyer
2023-08-18,Friday,August,Summer,2023,MBS,P3034,Beauty Products,750,45,540,4.4,190,120,49500,44000,800,5.5,95,34,0,31,Female,Urban,Medium,First-time Buyer
2023-08-18,Friday,August,Summer,2023,MBS,P3035,Footwear,1200,50,340,4.3,120,90,54000,49000,1250,5.5,95,34,0,35,Male,Urban,Medium,Occasional Buyer
2023-08-18,Friday,August,Summer,2023,MBS,P3036,Appliances,9500,40,120,4.5,270,30,228000,74000,9700,5.5,95,34,0,43,Male,Suburban,High,Frequent Buyer
2023-08-18,Friday,August,Summer,2023,MBS,P3037,Grocery,650,20,740,4.2,70,240,124800,34000,670,5.5,95,34,0,48,Female,Rural,Low,Frequent Buyer
2023-08-18,Friday,August,Summer,2023,MBS,P3038,Toys,1800,30,320,4.1,100,60,75600,39000,1850,5.5,95,34,0,30,Male,Urban,Medium,Occasional Buyer
2023-08-18,Friday,August,Summer,2023,MBS,P3039,Jewelry,5600,50,220,4.8,250,20,56000,64000,5700,5.5,95,34,0,32,Female,Urban,High,First-time Buyer
2023-08-18,Friday,August,Summer,2023,MBS,P3040,Sports Equipment,3300,35,170,4.3,120,40,92400,54000,3400,5.5,95,34,0,38,Male,Suburban,High,Occasional Buyer
2023-08-19,Saturday,August,Summer,2023,MBS,P3041,Electronics,18000,40,120,4.7,280,60,864000,70000,18500,5.5,95,33,0,34,Male,Urban,High,Frequent Buyer
2023-08-19,Saturday,August,Summer,2023,MBS,P3042,Fashion,750,50,420,4.5,180,120,45000,50000,800,5.5,95,33,0,29,Female,Urban,Medium,Occasional Buyer
2023-08-19,Saturday,August,Summer,2023,MBS,P3043,Home Decor,2800,35,220,4.6,140,40,91000,46000,2900,5.5,95,33,0,39,Female,Suburban,High,Frequent Buyer
2023-08-19,Saturday,August,Summer,2023,MBS,P3044,Beauty Products,800,45,520,4.4,180,110,48400,42000,850,5.5,95,33,0,32,Female,Urban,Medium,First-time Buyer
2023-08-19,Saturday,August,Summer,2023,MBS,P3045,Footwear,1150,50,320,4.3,110,80,46000,47000,1200,5.5,95,33,0,36,Male,Urban,Medium,Occasional Buyer
2023-08-19,Saturday,August,Summer,2023,MBS,P3046,Appliances,10000,40,110,4.5,260,20,240000,72000,10200,5.5,95,33,0,44,Male,Suburban,High,Frequent Buyer
2023-08-19,Saturday,August,Summer,2023,MBS,P3047,Grocery,700,20,720,4.2,60,220,123200,32000,720,5.5,95,33,0,49,Female,Rural,Low,Frequent Buyer
2023-08-19,Saturday,August,Summer,2023,MBS,P3048,Toys,1900,30,310,4.1,90,50,79800,37000,1950,5.5,95,33,0,31,Male,Urban,Medium,Occasional Buyer
2023-08-19,Saturday,August,Summer,2023,MBS,P3049,Jewelry,5800,50,210,4.8,240,10,58000,62000,5900,5.5,95,33,0,33,Female,Urban,High,First-time Buyer
2023-08-19,Saturday,August,Summer,2023,MBS,P3050,Sports Equipment,3400,35,160,4.3,110,30,66300,52000,3500,5.5,95,33,0,39,Male,Suburban,High,Occasional Buyer
2023-10-20,Friday,October,Autumn,2023,MDS,P1001,Traditional Wear,1500,20,500,4.5,200,100,120000,50000,1550,5.5,98,25,0,28,Female,Urban,Medium,Frequent Buyer
2023-10-20,Friday,October,Autumn,2023,MDS,P1002,Home Decor,2000,25,400,4.2,180,80,120000,45000,2100,5.5,98,25,0,35,Male,Suburban,High,Occasional Buyer
2023-10-20,Friday,October,Autumn,2023,MDS,P1003,Electronics,10000,15,200,4.3,300,50,425000,60000,9900,5.5,98,25,0,24,Female,Urban,High,First-time Buyer
2023-10-20,Friday,October,Autumn,2023,MDS,P1004,Fashion,800,30,600,4.1,150,90,50400,40000,820,5.5,98,25,0,30,Male,Urban,Medium,Occasional Buyer
2023-10-20,Friday,October,Autumn,2023,MDS,P1005,Grocery,500,10,800,4.0,100,150,67500,35000,520,5.5,98,25,0,42,Female,Rural,Low,Frequent Buyer
2023-10-20,Friday,October,Autumn,2023,MDS,P1006,Jewelry,5000,25,300,4.6,250,70,262500,55000,5100,5.5,98,25,0,27,Female,Urban,High,Frequent Buyer
2023-10-20,Friday,October,Autumn,2023,MDS,P1007,Footwear,1200,20,500,4.2,180,110,105600,40000,1250,5.5,98,25,0,33,Male,Suburban,Medium,Occasional Buyer
2023-10-20,Friday,October,Autumn,2023,MDS,P1008,Kitchen Appliances,3000,15,200,4.4,220,60,153000,50000,2950,5.5,98,25,0,38,Female,Urban,High,First-time Buyer
2023-10-20,Friday,October,Autumn,2023,MDS,P1009,Beauty Products,700,20,700,4.5,300,130,72800,35000,750,5.5,98,25,0,26,Female,Urban,Medium,Frequent Buyer
2023-10-20,Friday,October,Autumn,2023,MDS,P1010,Toys,1000,25,400,4.1,150,80,60000,30000,1050,5.5,98,25,0,29,Male,Urban,Medium,Occasional Buyer
2023-10-21,Saturday,October,Autumn,2023,MDS,P1001,Traditional Wear,1500,20,450,4.5,200,110,132000,50000,1550,5.5,98,26,0,28,Female,Urban,Medium,Frequent Buyer
2023-10-21,Saturday,October,Autumn,2023,MDS,P1002,Home Decor,2000,25,380,4.3,185,90,135000,45000,2100,5.5,98,26,0,35,Male,Suburban,High,Occasional Buyer
2023-10-21,Saturday,October,Autumn,2023,MDS,P1003,Electronics,10000,15,190,4.3,300,55,467500,60000,9900,5.5,98,26,0,24,Female,Urban,High,First-time Buyer
2023-10-21,Saturday,October,Autumn,2023,MDS,P1004,Fashion,800,30,580,4.1,150,100,56000,40000,820,5.5,98,26,0,30,Male,Urban,Medium,Occasional Buyer
2023-10-21,Saturday,October,Autumn,2023,MDS,P1005,Grocery,500,10,780,4.0,100,160,72000,35000,520,5.5,98,26,0,42,Female,Rural,Low,Frequent Buyer
2023-10-21,Saturday,October,Autumn,2023,MDS,P1006,Jewelry,5000,25,290,4.6,250,75,281250,55000,5100,5.5,98,26,0,27,Female,Urban,High,Frequent Buyer
2023-10-21,Saturday,October,Autumn,2023,MDS,P1007,Footwear,1200,20,480,4.2,180,120,115200,40000,1250,5.5,98,26,0,33,Male,Suburban,Medium,Occasional Buyer
2023-10-21,Saturday,October,Autumn,2023,MDS,P1008,Kitchen Appliances,3000,15,190,4.4,220,65,165750,50000,2950,5.5,98,26,0,38,Female,Urban,High,First-time Buyer
2023-10-21,Saturday,October,Autumn,2023,MDS,P1009,Beauty Products,700,20,680,4.5,300,140,78400,35000,750,5.5,98,26,0,26,Female,Urban,Medium,Frequent Buyer
2023-10-21,Saturday,October,Autumn,2023,MDS,P1010,Toys,1000,25,390,4.1,150,85,63750,30000,1050,5.5,98,26,0,29,Male,Urban,Medium,Occasional Buyer
2023-10-22,Sunday,October,Autumn,2023,MDS,P1001,Traditional Wear,1500,20,400,4.5,200,120,144000,50000,1550,5.5,98,27,0,28,Female,Urban,Medium,Frequent Buyer
2023-10-22,Sunday,October,Autumn,2023,MDS,P1002,Home Decor,2000,25,360,4.3,185,100,150000,45000,2100,5.5,98,27,0,35,Male,Suburban,High,Occasional Buyer
2023-10-22,Sunday,October,Autumn,2023,MDS,P1003,Electronics,10000,15,180,4.3,300,60,510000,60000,9900,5.5,98,27,0,24,Female,Urban,High,First-time Buyer
2023-10-22,Sunday,October,Autumn,2023,MDS,P1004,Fashion,800,30,560,4.1,150,110,61600,40000,820,5.5,98,27,0,30,Male,Urban,Medium,Occasional Buyer
2023-10-22,Sunday,October,Autumn,2023,MDS,P1005,Grocery,500,10,760,4.0,100,170,76500,35000,520,5.5,98,27,0,42,Female,Rural,Low,Frequent Buyer
2023-10-22,Sunday,October,Autumn,2023,MDS,P1006,Jewelry,5000,25,280,4.6,250,80,300000,55000,5100,5.5,98,27,0,27,Female,Urban,High,Frequent Buyer
2023-10-22,Sunday,October,Autumn,2023,MDS,P1007,Footwear,1200,20,460,4.2,180,130,124800,40000,1250,5.5,98,27,0,33,Male,Suburban,Medium,Occasional Buyer
2023-10-22,Sunday,October,Autumn,2023,MDS,P1008,Kitchen Appliances,3000,15,180,4.4,220,70,178500,50000,2950,5.5,98,27,0,38,Female,Urban,High,First-time Buyer
2023-10-22,Sunday,October,Autumn,2023,MDS,P1009,Beauty Products,700,20,660,4.5,300,150,84000,35000,750,5.5,98,27,0,26,Female,Urban,Medium,Frequent Buyer
2023-10-22,Sunday,October,Autumn,2023,MDS,P1010,Toys,1000,25,380,4.1,150,90,67500,30000,1050,5.5,98,27,0,29,Male,Urban,Medium,Occasional Buyer
2023-10-23,Monday,October,Autumn,2023,MDS,P1001,Traditional Wear,1500,20,380,4.5,200,90,108000,50000,1550,5.5,98,25,0,28,Female,Urban,Medium,Frequent Buyer
2023-10-23,Monday,October,Autumn,2023,MDS,P1002,Home Decor,2000,25,340,4.3,185,70,105000,45000,2100,5.5,98,25,0,35,Male,Suburban,High,Occasional Buyer
2023-10-23,Monday,October,Autumn,2023,MDS,P1003,Electronics,10000,15,170,4.3,300,40,340000,60000,9900,5.5,98,25,0,24,Female,Urban,High,First-time Buyer
2023-10-23,Monday,October,Autumn,2023,MDS,P1004,Fashion,800,30,540,4.1,150,80,44800,40000,820,5.5,98,25,0,30,Male,Urban,Medium,Occasional Buyer
2023-10-23,Monday,October,Autumn,2023,MDS,P1005,Grocery,500,10,740,4.0,100,130,58500,35000,520,5.5,98,25,0,42,Female,Rural,Low,Frequent Buyer
2023-10-23,Monday,October,Autumn,2023,MDS,P1006,Jewelry,5000,25,270,4.6,250,50,187500,55000,5100,5.5,98,25,0,27,Female,Urban,High,Frequent Buyer
2023-10-23,Monday,October,Autumn,2023,MDS,P1007,Footwear,1200,20,440,4.2,180,100,96000,40000,1250,5.5,98,25,0,33,Male,Suburban,Medium,Occasional Buyer
2023-10-23,Monday,October,Autumn,2023,MDS,P1008,Kitchen Appliances,3000,15,170,4.4,220,50,127500,50000,2950,5.5,98,25,0,38,Female,Urban,High,First-time Buyer
2023-10-23,Monday,October,Autumn,2023,MDS,P1009,Beauty Products,700,20,640,4.5,300,110,61600,35000,750,5.5,98,25,0,26,Female,Urban,Medium,Frequent Buyer
2023-10-23,Monday,October,Autumn,2023,MDS,P1010,Toys,1000,25,370,4.1,150,60,45000,30000,1050,5.5,98,25,0,29,Male,Urban,Medium,Occasional Buyer
2023-10-24,Tuesday,October,Autumn,2023,MDS,P1001,Traditional Wear,1500,20,370,4.5,200,80,96000,50000,1550,5.5,98,24,0,28,Female,Urban,Medium,Frequent Buyer
2023-10-24,Tuesday,October,Autumn,2023,MDS,P1002,Home Decor,2000,25,330,4.3,185,60,90000,45000,2100,5.5,98,24,0,35,Male,Suburban,High,Occasional Buyer
2023-10-24,Tuesday,October,Autumn,2023,MDS,P1003,Electronics,10000,15,160,4.3,300,30,255000,60000,9900,5.5,98,24,0,24,Female,Urban,High,First-time Buyer
2023-10-24,Tuesday,October,Autumn,2023,MDS,P1004,Fashion,800,30,530,4.1,150,70,39200,40000,820,5.5,98,24,0,30,Male,Urban,Medium,Occasional Buyer
2023-10-24,Tuesday,October,Autumn,2023,MDS,P1005,Grocery,500,10,730,4.0,100,120,54000,35000,520,5.5,98,24,0,42,Female,Rural,Low,Frequent Buyer
2023-10-24,Tuesday,October,Autumn,2023,MDS,P1006,Jewelry,5000,25,260,4.6,250,40,150000,55000,5100,5.5,98,24,0,27,Female,Urban,High,Frequent Buyer
2023-10-24,Tuesday,October,Autumn,2023,MDS,P1007,Footwear,1200,20,430,4.2,180,90,86400,40000,1250,5.5,98,24,0,33,Male,Suburban,Medium,Occasional Buyer
2023-10-24,Tuesday,October,Autumn,2023,MDS,P1008,Kitchen Appliances,3000,15,160,4.4,220,40,102000,50000,2950,5.5,98,24,0,38,Female,Urban,High,First-time Buyer
2023-10-24,Tuesday,October,Autumn,2023,MDS,P1009,Beauty Products,700,20,630,4.5,300,100,56000,35000,750,5.5,98,24,0,26,Female,Urban,Medium,Frequent Buyer
2023-10-24,Tuesday,October,Autumn,2023,MDS,P1010,Toys,1000,25,360,4.1,150,50,37500,30000,1050,5.5,98,24,0,29,Male,Urban,Medium,Occasional Buyer
2023-10-25,Wednesday,October,Autumn,2023,MDS,P1001,Traditional Wear,1500,20,360,4.5,200,70,84000,50000,1550,5.5,98,24,0,28,Female,Urban,Medium,Frequent Buyer
2023-10-25,Wednesday,October,Autumn,2023,MDS,P1002,Home Decor,2000,25,320,4.3,185,50,75000,45000,2100,5.5,98,24,0,35,Male,Suburban,High,Occasional Buyer
2023-10-25,Wednesday,October,Autumn,2023,MDS,P1003,Electronics,10000,15,150,4.3,300,20,170000,60000,9900,5.5,98,24,0,24,Female,Urban,High,First-time Buyer
2023-10-25,Wednesday,October,Autumn,2023,MDS,P1004,Fashion,800,30,520,4.1,150,60,33600,40000,820,5.5,98,24,0,30,Male,Urban,Medium,Occasional Buyer
2023-10-25,Wednesday,October,Autumn,2023,MDS,P1005,Grocery,500,10,720,4.0,100,110,49500,35000,520,5.5,98,24,0,42,Female,Rural,Low,Frequent Buyer
2023-10-25,Wednesday,October,Autumn,2023,MDS,P1006,Jewelry,5000,25,250,4.6,250,30,112500,55000,5100,5.5,98,24,0,27,Female,Urban,High,Frequent Buyer
2023-10-25,Wednesday,October,Autumn,2023,MDS,P1007,Footwear,1200,20,420,4.2,180,80,76800,40000,1250,5.5,98,24,0,33,Male,Suburban,Medium,Occasional Buyer
2023-10-25,Wednesday,October,Autumn,2023,MDS,P1008,Kitchen Appliances,3000,15,150,4.4,220,30,76500,50000,2950,5.5,98,24,0,38,Female,Urban,High,First-time Buyer
2023-10-25,Wednesday,October,Autumn,2023,MDS,P1009,Beauty Products,700,20,620,4.5,300,90,50400,35000,750,5.5,98,24,0,26,Female,Urban,Medium,Frequent Buyer
2023-10-25,Wednesday,October,Autumn,2023,MDS,P1010,Toys,1000,25,350,4.1,150,40,30000,30000,1050,5.5,98,24,0,29,Male,Urban,Medium,Occasional Buyer

